{
  "type": "FeatureCollection",
  "features": [
    {
      "type": "Feature",
      "id": "mock_0000",
      "properties": {
        "name": "建筑0",
        "height": 39.20543614293006,
        "base_height": 0.0,
        "build_year": 2002,
        "floors": 13,
        "property_type": "写字楼",
        "color": [
          112,
          112,
          112
        ]
      },
      "geometry": {
        "type": "Polygon",
        "coordinates": [
          [
            [
              113.97374294500948,
              22.547444265707966
            ],
            [
              113.97419146803651,
              22.547665234244686
            ],
            [
              113.97404808541863,
              22.547956272990525
            ],
            [
              113.9735995623916,
              22.547735304453806
            ]
          ]
        ]
      }
    },
    {
      "type": "Feature",
      "id": "mock_0001",
      "properties": {
        "name": "建筑1",
        "height": 97.37280921862781,
        "base_height": 0.0,
        "build_year": 2010,
        "floors": 32,
        "property_type": "商业综合体",
        "color": [
          224,
          111,
          111
        ]
      },
      "geometry": {
        "type": "Polygon",
        "coordinates": [
          [
            [
              113.9237915151762,
              22.573942766637263
            ],
            [
              113.9242859367681,
              22.57401724676529
            ],
            [
              113.92421296095218,
              22.57450168227898
            ],
            [
              113.92371853936028,
              22.574427202150954
            ]
          ]
        ]
      }
    },
    {
      "type": "Feature",
      "id": "mock_0002",
      "properties": {
        "name": "建筑2",
        "height": 49.2023327854792,
        "base_height": 0.0,
        "build_year": 2001,
        "floors": 16,
        "property_type": "商住楼",
        "color": [
          156,
          121,
          228
        ]
      },
      "geometry": {
        "type": "Polygon",
        "coordinates": [
          [
            [
              113.85370695901125,
              22.586629834472497
            ],
            [
              113.85420348314582,
              22.586688688391572
            ],
            [
              113.85415132146795,
              22.5871287530868
            ],
            [
              113.85365479733338,
              22.587069899167727
            ]
          ]
        ]
      }
    },
    {
      "type": "Feature",
      "id": "mock_0003",
      "properties": {
        "name": "建筑3",
        "height": 63.93099951590064,
        "base_height": 0.0,
        "build_year": 2006,
        "floors": 21,
        "property_type": "商住楼",
        "color": [
          159,
          124,
          231
        ]
      },
      "geometry": {
        "type": "Polygon",
        "coordinates": [
          [
            [
              113.95502922373431,
              22.567624327848144
            ],
            [
              113.95552785720747,
              22.567661269145418
            ],
            [
              113.95549056702008,
              22.568164611935835
            ],
            [
              113.95499193354692,
              22.56812767063856
            ]
          ]
        ]
      }
    },
    {
      "type": "Feature",
      "id": "mock_0004",
      "properties": {
        "name": "建筑4",
        "height": 28.839569129953098,
        "base_height": 0.0,
        "build_year": 2003,
        "floors": 9,
        "property_type": "商住楼",
        "color": [
          152,
          117,
          224
        ]
      },
      "geometry": {
        "type": "Polygon",
        "coordinates": [
          [
            [
              113.85599322361719,
              22.56486172245053
            ],
            [
              113.85649125416744,
              22.56490605721138
            ],
            [
              113.8564330943305,
              22.565559390510856
            ],
            [
              113.85593506378025,
              22.565515055750005
            ]
          ]
        ]
      }
    },
    {
      "type": "Feature",
      "id": "mock_0005",
      "properties": {
        "name": "建筑5",
        "height": 79.00301406624342,
        "base_height": 0.0,
        "build_year": 2007,
        "floors": 26,
        "property_type": "公寓",
        "color": [
          115,
          164,
          252
        ]
      },
      "geometry": {
        "type": "Polygon",
        "coordinates": [
          [
            [
              113.87064488426861,
              22.48552892682159
            ],
            [
              113.87113640050445,
              22.485620642632107
            ],
            [
              113.87100150071043,
              22.48634358711244
            ],
            [
              113.8705099844746,
              22.486251871301924
            ]
          ]
        ]
      }
    },
    {
      "type": "Feature",
      "id": "mock_0006",
      "properties": {
        "name": "建筑6",
        "height": 40.64413602264051,
        "base_height": 0.0,
        "build_year": 2004,
        "floors": 13,
        "property_type": "住宅",
        "color": [
          78,
          138,
          188
        ]
      },
      "geometry": {
        "type": "Polygon",
        "coordinates": [
          [
            [
              113.95791600955208,
              22.581321538132297
            ],
            [
              113.95839423469386,
              22.581467485772855
            ],
            [
              113.95828593195539,
              22.581822360248804
            ],
            [
              113.95780770681361,
              22.581676412608246
            ]
          ]
        ]
      }
    },
    {
      "type": "Feature",
      "id": "mock_0007",
      "properties": {
        "name": "建筑7",
        "height": 52.592415648820385,
        "base_height": 0.0,
        "build_year": 2005,
        "floors": 17,
        "property_type": "商业综合体",
        "color": [
          215,
          102,
          102
        ]
      },
      "geometry": {
        "type": "Polygon",
        "coordinates": [
          [
            [
              113.93350820789063,
              22.502330028929638
            ],
            [
              113.9339556640601,
              22.502553149920164
            ],
            [
              113.93368362114138,
              22.503098716171234
            ],
            [
              113.93323616497192,
              22.502875595180708
            ]
          ]
        ]
      }
    },
    {
      "type": "Feature",
      "id": "mock_0008",
      "properties": {
        "name": "建筑8",
        "height": 45.373922002844786,
        "base_height": 0.0,
        "build_year": 2002,
        "floors": 15,
        "property_type": "公寓",
        "color": [
          109,
          158,
          246
        ]
      },
      "geometry": {
        "type": "Polygon",
        "coordinates": [
          [
            [
              113.86247649239674,
              22.486335392237145
            ],
            [
              113.86291502955214,
              22.48657556959524
            ],
            [
              113.8627063091203,
              22.48695666990036
            ],
            [
              113.8622677719649,
              22.486716492542264
            ]
          ]
        ]
      }
    },
    {
      "type": "Feature",
      "id": "mock_0009",
      "properties": {
        "name": "建筑9",
        "height": 49.63413616881101,
        "base_height": 0.0,
        "build_year": 2000,
        "floors": 16,
        "property_type": "商业综合体",
        "color": [
          214,
          101,
          101
        ]
      },
      "geometry": {
        "type": "Polygon",
        "coordinates": [
          [
            [
              113.96243119086897,
              22.591245728624443
            ],
            [
              113.96293005166089,
              22.591279461550307
            ],
            [
              113.962906243424,
              22.591631550662093
            ],
            [
              113.96240738263208,
              22.59159781773623
            ]
          ]
        ]
      }
    },
    {
      "type": "Feature",
      "id": "mock_0010",
      "properties": {
        "name": "建筑10",
        "height": 58.697586044153866,
        "base_height": 0.0,
        "build_year": 2007,
        "floors": 19,
        "property_type": "写字楼",
        "color": [
          116,
          116,
          116
        ]
      },
      "geometry": {
        "type": "Polygon",
        "coordinates": [
          [
            [
              113.9567629108813,
              22.52284811800464
            ],
            [
              113.95725884633492,
              22.52291174210256
            ],
            [
              113.95718039044199,
              22.52352328804382
            ],
            [
              113.95668445498836,
              22.523459663945896
            ]
          ]
        ]
      }
    },
    {
      "type": "Feature",
      "id": "mock_0011",
      "properties": {
        "name": "建筑11",
        "height": 30.37518686621628,
        "base_height": 0.0,
        "build_year": 2002,
        "floors": 10,
        "property_type": "住宅",
        "color": [
          76,
          136,
          186
        ]
      },
      "geometry": {
        "type": "Polygon",
        "coordinates": [
          [
            [
              114.0084364128403,
              22.58118456420948
            ],
            [
              114.00891312984398,
              22.58133536506626
            ],
            [
              114.00879606305668,
              22.581705440735966
            ],
            [
              114.008319346053,
              22.581554639879187
            ]
          ]
        ]
      }
    },
    {
      "type": "Feature",
      "id": "mock_0012",
      "properties": {
        "name": "建筑12",
        "height": 118.44004933974847,
        "base_height": 0.0,
        "build_year": 2015,
        "floors": 39,
        "property_type": "住宅",
        "color": [
          93,
          153,
          203
        ]
      },
      "geometry": {
        "type": "Polygon",
        "coordinates": [
          [
            [
              113.89832375271418,
              22.552324671067364
            ],
            [
              113.89882278678887,
              22.55235573539255
            ],
            [
              113.89877978482683,
              22.553046542104543
            ],
            [
              113.89828075075214,
              22.553015477779358
            ]
          ]
        ]
      }
    },
    {
      "type": "Feature",
      "id": "mock_0013",
      "properties": {
        "name": "建筑13",
        "height": 57.212326167430476,
        "base_height": 0.0,
        "build_year": 2010,
        "floors": 19,
        "property_type": "写字楼",
        "color": [
          116,
          116,
          116
        ]
      },
      "geometry": {
        "type": "Polygon",
        "coordinates": [
          [
            [
              113.95479331287332,
              22.559566955601756
            ],
            [
              113.95528432474914,
              22.55966133429533
            ],
            [
              113.9551560878087,
              22.560328496112117
            ],
            [
              113.95466507593288,
              22.560234117418542
            ]
          ]
        ]
      }
    },
    {
      "type": "Feature",
      "id": "mock_0014",
      "properties": {
        "name": "建筑14",
        "height": 84.94501269381868,
        "base_height": 0.0,
        "build_year": 2005,
        "floors": 28,
        "property_type": "住宅",
        "color": [
          86,
          146,
          196
        ]
      },
      "geometry": {
        "type": "Polygon",
        "coordinates": [
          [
            [
              113.98607347077163,
              22.493933590392963
            ],
            [
              113.98654694268403,
              22.494094289951697
            ],
            [
              113.98641171825807,
              22.494492704036126
            ],
            [
              113.98593824634567,
              22.494332004477393
            ]
          ]
        ]
      }
    },
    {
      "type": "Feature",
      "id": "mock_0015",
      "properties": {
        "name": "建筑15",
        "height": 30.433626748211218,
        "base_height": 0.0,
        "build_year": 2009,
        "floors": 10,
        "property_type": "住宅",
        "color": [
          76,
          136,
          186
        ]
      },
      "geometry": {
        "type": "Polygon",
        "coordinates": [
          [
            [
              113.98736727392156,
              22.587837347073016
            ],
            [
              113.9878140020583,
              22.588061922164783
            ],
            [
              113.98756920443233,
              22.588548877269492
            ],
            [
              113.9871224762956,
              22.588324302177725
            ]
          ]
        ]
      }
    },
    {
      "type": "Feature",
      "id": "mock_0016",
      "properties": {
        "name": "建筑16",
        "height": 69.52680278265882,
        "base_height": 0.0,
        "build_year": 2006,
        "floors": 23,
        "property_type": "公寓",
        "color": [
          113,
          162,
          250
        ]
      },
      "geometry": {
        "type": "Polygon",
        "coordinates": [
          [
            [
              113.92049460778392,
              22.493902277340798
            ],
            [
              113.92097546543536,
              22.494039302590473
            ],
            [
              113.9207909547844,
              22.494686799008125
            ],
            [
              113.92031009713295,
              22.49454977375845
            ]
          ]
        ]
      }
    },
    {
      "type": "Feature",
      "id": "mock_0017",
      "properties": {
        "name": "建筑17",
        "height": 81.82243458358333,
        "base_height": 0.0,
        "build_year": 2009,
        "floors": 27,
        "property_type": "商住楼",
        "color": [
          163,
          128,
          235
        ]
      },
      "geometry": {
        "type": "Polygon",
        "coordinates": [
          [
            [
              113.89782997458362,
              22.565837110123404
            ],
            [
              113.8983074112133,
              22.565985616906566
            ],
            [
              113.8981761150972,
              22.566407722710913
            ],
            [
              113.89769867846752,
              22.56625921592775
            ]
          ]
        ]
      }
    },
    {
      "type": "Feature",
      "id": "mock_0018",
      "properties": {
        "name": "建筑18",
        "height": 52.166727335839404,
        "base_height": 0.0,
        "build_year": 2001,
        "floors": 17,
        "property_type": "公寓",
        "color": [
          110,
          159,
          247
        ]
      },
      "geometry": {
        "type": "Polygon",
        "coordinates": [
          [
            [
              113.87418495984133,
              22.595651890866034
            ],
            [
              113.87468285617801,
              22.59569770830718
            ],
            [
              113.87463501268923,
              22.596217621624096
            ],
            [
              113.87413711635254,
              22.596171804182948
            ]
          ]
        ]
      }
    },
    {
      "type": "Feature",
      "id": "mock_0019",
      "properties": {
        "name": "建筑19",
        "height": 51.54238493493004,
        "base_height": 0.0,
        "build_year": 2000,
        "floors": 17,
        "property_type": "商业综合体",
        "color": [
          215,
          102,
          102
        ]
      },
      "geometry": {
        "type": "Polygon",
        "coordinates": [
          [
            [
              113.99452439403314,
              22.53593336820168
            ],
            [
              113.99499421118786,
              22.536104458356622
            ],
            [
              113.99484900790446,
              22.536503189619022
            ],
            [
              113.99437919074974,
              22.53633209946408
            ]
          ]
        ]
      }
    },
    {
      "type": "Feature",
      "id": "mock_0020",
      "properties": {
        "name": "建筑20",
        "height": 88.50528514075883,
        "base_height": 0.0,
        "build_year": 2010,
        "floors": 29,
        "property_type": "商业综合体",
        "color": [
          222,
          109,
          109
        ]
      },
      "geometry": {
        "type": "Polygon",
        "coordinates": [
          [
            [
              113.98377783694337,
              22.589963561096393
            ],
            [
              113.98425367507203,
              22.590117112636037
            ],
            [
              113.98406635960873,
              22.590697581185747
            ],
            [
              113.98359052148008,
              22.590544029646104
            ]
          ]
        ]
      }
    },
    {
      "type": "Feature",
      "id": "mock_0021",
      "properties": {
        "name": "建筑21",
        "height": 64.95536050452387,
        "base_height": 0.0,
        "build_year": 2008,
        "floors": 21,
        "property_type": "住宅",
        "color": [
          82,
          142,
          192
        ]
      },
      "geometry": {
        "type": "Polygon",
        "coordinates": [
          [
            [
              113.92978940185311,
              22.57237642944942
            ],
            [
              113.93028193919082,
              22.572462493210477
            ],
            [
              113.93022237634524,
              22.572803367523065
            ],
            [
              113.92972983900754,
              22.57271730376201
            ]
          ]
        ]
      }
    },
    {
      "type": "Feature",
      "id": "mock_0022",
      "properties": {
        "name": "建筑22",
        "height": 39.403181589145724,
        "base_height": 0.0,
        "build_year": 2007,
        "floors": 13,
        "property_type": "商业综合体",
        "color": [
          212,
          99,
          99
        ]
      },
      "geometry": {
        "type": "Polygon",
        "coordinates": [
          [
            [
              113.98698522937015,
              22.480870237254365
            ],
            [
              113.9874587187083,
              22.48103088546214
            ],
            [
              113.98722456024576,
              22.481721036550525
            ],
            [
              113.98675107090762,
              22.48156038834275
            ]
          ]
        ]
      }
    },
    {
      "type": "Feature",
      "id": "mock_0023",
      "properties": {
        "name": "建筑23",
        "height": 22.866394065259183,
        "base_height": 0.0,
        "build_year": 2003,
        "floors": 7,
        "property_type": "写字楼",
        "color": [
          109,
          109,
          109
        ]
      },
      "geometry": {
        "type": "Polygon",
        "coordinates": [
          [
            [
              113.99046866906752,
              22.579081292248926
            ],
            [
              113.99092900324277,
              22.579276465113605
            ],
            [
              113.9907375057355,
              22.579728130601094
            ],
            [
              113.99027717156025,
              22.579532957736415
            ]
          ]
        ]
      }
    },
    {
      "type": "Feature",
      "id": "mock_0024",
      "properties": {
        "name": "建筑24",
        "height": 94.22531197611394,
        "base_height": 0.0,
        "build_year": 2014,
        "floors": 31,
        "property_type": "住宅",
        "color": [
          88,
          148,
          198
        ]
      },
      "geometry": {
        "type": "Polygon",
        "coordinates": [
          [
            [
              113.94559313846685,
              22.523368391426384
            ],
            [
              113.9460884380742,
              22.52343678951812
            ],
            [
              113.94599274566528,
              22.52412973885875
            ],
            [
              113.94549744605793,
              22.524061340767016
            ]
          ]
        ]
      }
    },
    {
      "type": "Feature",
      "id": "mock_0025",
      "properties": {
        "name": "建筑25",
        "height": 114.54210748399763,
        "base_height": 0.0,
        "build_year": 2010,
        "floors": 38,
        "property_type": "商业综合体",
        "color": [
          227,
          114,
          114
        ]
      },
      "geometry": {
        "type": "Polygon",
        "coordinates": [
          [
            [
              113.88300546083015,
              22.55412431165225
            ],
            [
              113.88349720654325,
              22.554214789017657
            ],
            [
              113.88340151738082,
              22.554734860918604
            ],
            [
              113.88290977166771,
              22.554644383553196
            ]
          ]
        ]
      }
    },
    {
      "type": "Feature",
      "id": "mock_0026",
      "properties": {
        "name": "建筑26",
        "height": 105.36985890294065,
        "base_height": 0.0,
        "build_year": 2013,
        "floors": 35,
        "property_type": "住宅",
        "color": [
          91,
          151,
          201
        ]
      },
      "geometry": {
        "type": "Polygon",
        "coordinates": [
          [
            [
              113.9308574878649,
              22.506588900356117
            ],
            [
              113.93134617168853,
              22.50669467426838
            ],
            [
              113.93121192037819,
              22.50731492591898
            ],
            [
              113.93072323655456,
              22.507209152006716
            ]
          ]
        ]
      }
    },
    {
      "type": "Feature",
      "id": "mock_0027",
      "properties": {
        "name": "建筑27",
        "height": 75.5411945335607,
        "base_height": 0.0,
        "build_year": 2008,
        "floors": 25,
        "property_type": "公寓",
        "color": [
          115,
          164,
          252
        ]
      },
      "geometry": {
        "type": "Polygon",
        "coordinates": [
          [
            [
              113.98844065616849,
              22.553659039897312
            ],
            [
              113.98889321299485,
              22.553871624748393
            ],
            [
              113.98869905962597,
              22.5542849440983
            ],
            [
              113.98824650279961,
              22.55407235924722
            ]
          ]
        ]
      }
    },
    {
      "type": "Feature",
      "id": "mock_0028",
      "properties": {
        "name": "建筑28",
        "height": 114.12543745579751,
        "base_height": 0.0,
        "build_year": 2010,
        "floors": 38,
        "property_type": "住宅",
        "color": [
          92,
          152,
          202
        ]
      },
      "geometry": {
        "type": "Polygon",
        "coordinates": [
          [
            [
              113.99692143971387,
              22.54894714702414
            ],
            [
              113.99740595410037,
              22.54907062094559
            ],
            [
              113.99730028571341,
              22.549485266022753
            ],
            [
              113.99681577132691,
              22.549361792101305
            ]
          ]
        ]
      }
    },
    {
      "type": "Feature",
      "id": "mock_0029",
      "properties": {
        "name": "建筑29",
        "height": 34.717983652506106,
        "base_height": 0.0,
        "build_year": 2000,
        "floors": 11,
        "property_type": "商住楼",
        "color": [
          153,
          118,
          225
        ]
      },
      "geometry": {
        "type": "Polygon",
        "coordinates": [
          [
            [
              113.86081260478677,
              22.564139815760704
            ],
            [
              113.86131235583022,
              22.564155592153764
            ],
            [
              113.86128907787635,
              22.564892971204564
            ],
            [
              113.8607893268329,
              22.564877194811505
            ]
          ]
        ]
      }
    },
    {
      "type": "Feature",
      "id": "mock_0030",
      "properties": {
        "name": "建筑30",
        "height": 22.847216530685454,
        "base_height": 0.0,
        "build_year": 2004,
        "floors": 7,
        "property_type": "写字楼",
        "color": [
          109,
          109,
          109
        ]
      },
      "geometry": {
        "type": "Polygon",
        "coordinates": [
          [
            [
              113.88478494490418,
              22.52721356027585
            ],
            [
              113.8852563734982,
              22.527380158837538
            ],
            [
              113.88513307353652,
              22.527729064176103
            ],
            [
              113.88466164494251,
              22.527562465614416
            ]
          ]
        ]
      }
    },
    {
      "type": "Feature",
      "id": "mock_0031",
      "properties": {
        "name": "建筑31",
        "height": 58.62746374794712,
        "base_height": 0.0,
        "build_year": 2004,
        "floors": 19,
        "property_type": "商业综合体",
        "color": [
          216,
          103,
          103
        ]
      },
      "geometry": {
        "type": "Polygon",
        "coordinates": [
          [
            [
              113.92551864201484,
              22.480218853128548
            ],
            [
              113.92601575203177,
              22.48027253395441
            ],
            [
              113.92597687920265,
              22.4806325148681
            ],
            [
              113.92547976918571,
              22.480578834042237
            ]
          ]
        ]
      }
    },
    {
      "type": "Feature",
      "id": "mock_0032",
      "properties": {
        "name": "建筑32",
        "height": 55.298533622139246,
        "base_height": 0.0,
        "build_year": 2010,
        "floors": 18,
        "property_type": "商业综合体",
        "color": [
          216,
          103,
          103
        ]
      },
      "geometry": {
        "type": "Polygon",
        "coordinates": [
          [
            [
              114.00916571047449,
              22.493666614392907
            ],
            [
              114.00962772230224,
              22.493857782044536
            ],
            [
              114.00943777833004,
              22.494316836497617
            ],
            [
              114.00897576650229,
              22.49412566884599
            ]
          ]
        ]
      }
    },
    {
      "type": "Feature",
      "id": "mock_0033",
      "properties": {
        "name": "建筑33",
        "height": 67.02090086429966,
        "base_height": 0.0,
        "build_year": 2008,
        "floors": 22,
        "property_type": "写字楼",
        "color": [
          118,
          118,
          118
        ]
      },
      "geometry": {
        "type": "Polygon",
        "coordinates": [
          [
            [
              113.99553791151969,
              22.584997563967267
            ],
            [
              113.99600626075186,
              22.585172632515963
            ],
            [
              113.99586088843499,
              22.5855615373963
            ],
            [
              113.99539253920283,
              22.585386468847602
            ]
          ]
        ]
      }
    },
    {
      "type": "Feature",
      "id": "mock_0034",
      "properties": {
        "name": "建筑34",
        "height": 72.25472303167658,
        "base_height": 0.0,
        "build_year": 2005,
        "floors": 24,
        "property_type": "住宅",
        "color": [
          84,
          144,
          194
        ]
      },
      "geometry": {
        "type": "Polygon",
        "coordinates": [
          [
            [
              113.8786618540238,
              22.517939627428763
            ],
            [
              113.87915872987219,
              22.517995434160426
            ],
            [
              113.87907912383083,
              22.518704207424047
            ],
            [
              113.87858224798245,
              22.518648400692385
            ]
          ]
        ]
      }
    },
    {
      "type": "Feature",
      "id": "mock_0035",
      "properties": {
        "name": "建筑35",
        "height": 85.59723525009362,
        "base_height": 0.0,
        "build_year": 2007,
        "floors": 28,
        "property_type": "写字楼",
        "color": [
          122,
          122,
          122
        ]
      },
      "geometry": {
        "type": "Polygon",
        "coordinates": [
          [
            [
              113.97122036434972,
              22.523387837893164
            ],
            [
              113.97171979313579,
              22.523411731148435
            ],
            [
              113.97169482195197,
              22.523933691336705
            ],
            [
              113.9711953931659,
              22.523909798081434
            ]
          ]
        ]
      }
    },
    {
      "type": "Feature",
      "id": "mock_0036",
      "properties": {
        "name": "建筑36",
        "height": 52.91213578663858,
        "base_height": 0.0,
        "build_year": 2007,
        "floors": 17,
        "property_type": "商住楼",
        "color": [
          157,
          122,
          229
        ]
      },
      "geometry": {
        "type": "Polygon",
        "coordinates": [
          [
            [
              113.95472854294695,
              22.5127093125416
            ],
            [
              113.95517650317224,
              22.512931419805234
            ],
            [
              113.95501321740645,
              22.51326074504762
            ],
            [
              113.95456525718116,
              22.513038637783986
            ]
          ]
        ]
      }
    },
    {
      "type": "Feature",
      "id": "mock_0037",
      "properties": {
        "name": "建筑37",
        "height": 22.870844146833168,
        "base_height": 0.0,
        "build_year": 2002,
        "floors": 7,
        "property_type": "商业综合体",
        "color": [
          209,
          96,
          96
        ]
      },
      "geometry": {
        "type": "Polygon",
        "coordinates": [
          [
            [
              113.88485367124373,
              22.49341262240664
            ],
            [
              113.88534583630474,
              22.493500790159967
            ],
            [
              113.88524942092003,
              22.4940389946838
            ],
            [
              113.88475725585903,
              22.493950826930476
            ]
          ]
        ]
      }
    },
    {
      "type": "Feature",
      "id": "mock_0038",
      "properties": {
        "name": "建筑38",
        "height": 70.52274611219653,
        "base_height": 0.0,
        "build_year": 2007,
        "floors": 23,
        "property_type": "公寓",
        "color": [
          114,
          163,
          251
        ]
      },
      "geometry": {
        "type": "Polygon",
        "coordinates": [
          [
            [
              113.89963345746975,
              22.52248717670371
            ],
            [
              113.90007062581078,
              22.522729836633633
            ],
            [
              113.89982000578658,
              22.52318134562503
            ],
            [
              113.89938283744554,
              22.522938685695106
            ]
          ]
        ]
      }
    },
    {
      "type": "Feature",
      "id": "mock_0039",
      "properties": {
        "name": "建筑39",
        "height": 24.891463978265534,
        "base_height": 0.0,
        "build_year": 2001,
        "floors": 8,
        "property_type": "商业综合体",
        "color": [
          209,
          96,
          96
        ]
      },
      "geometry": {
        "type": "Polygon",
        "coordinates": [
          [
            [
              113.85622320523382,
              22.55286748114813
            ],
            [
              113.85671422906573,
              22.552961797617982
            ],
            [
              113.85663063292017,
              22.553397010044694
            ],
            [
              113.85613960908826,
              22.553302693574842
            ]
          ]
        ]
      }
    },
    {
      "type": "Feature",
      "id": "mock_0040",
      "properties": {
        "name": "建筑40",
        "height": 31.495366324775784,
        "base_height": 0.0,
        "build_year": 2009,
        "floors": 10,
        "property_type": "住宅",
        "color": [
          76,
          136,
          186
        ]
      },
      "geometry": {
        "type": "Polygon",
        "coordinates": [
          [
            [
              113.91080881674455,
              22.483515860025232
            ],
            [
              113.91128443662599,
              22.483670086249866
            ],
            [
              113.91118791450805,
              22.48396775182783
            ],
            [
              113.9107122946266,
              22.483813525603196
            ]
          ]
        ]
      }
    },
    {
      "type": "Feature",
      "id": "mock_0041",
      "properties": {
        "name": "建筑41",
        "height": 21.2834904882173,
        "base_height": 0.0,
        "build_year": 2002,
        "floors": 7,
        "property_type": "写字楼",
        "color": [
          109,
          109,
          109
        ]
      },
      "geometry": {
        "type": "Polygon",
        "coordinates": [
          [
            [
              113.95302370840524,
              22.482843495395702
            ],
            [
              113.95346986546139,
              22.48306920290832
            ],
            [
              113.95324939159771,
              22.483505014587056
            ],
            [
              113.95280323454156,
              22.483279307074437
            ]
          ]
        ]
      }
    },
    {
      "type": "Feature",
      "id": "mock_0042",
      "properties": {
        "name": "建筑42",
        "height": 145.468177741266,
        "base_height": 0.0,
        "build_year": 2019,
        "floors": 48,
        "property_type": "商业综合体",
        "color": [
          234,
          121,
          121
        ]
      },
      "geometry": {
        "type": "Polygon",
        "coordinates": [
          [
            [
              113.94086273571504,
              22.543618973397553
            ],
            [
              113.94136192674937,
              22.543647404212784
            ],
            [
              113.94133403228481,
              22.54413717794944
            ],
            [
              113.94083484125049,
              22.54410874713421
            ]
          ]
        ]
      }
    },
    {
      "type": "Feature",
      "id": "mock_0043",
      "properties": {
        "name": "建筑43",
        "height": 60.15304806225386,
        "base_height": 0.0,
        "build_year": 2005,
        "floors": 20,
        "property_type": "写字楼",
        "color": [
          117,
          117,
          117
        ]
      },
      "geometry": {
        "type": "Polygon",
        "coordinates": [
          [
            [
              113.85573454023528,
              22.59258951500124
            ],
            [
              113.85622826285366,
              22.59266849586027
            ],
            [
              113.85616338357416,
              22.593074067135948
            ],
            [
              113.85566966095577,
              22.592995086276918
            ]
          ]
        ]
      }
    },
    {
      "type": "Feature",
      "id": "mock_0044",
      "properties": {
        "name": "建筑44",
        "height": 70.43425499912168,
        "base_height": 0.0,
        "build_year": 2006,
        "floors": 23,
        "property_type": "写字楼",
        "color": [
          119,
          119,
          119
        ]
      },
      "geometry": {
        "type": "Polygon",
        "coordinates": [
          [
            [
              113.90640683390812,
              22.496768010909125
            ],
            [
              113.90689925966818,
              22.496854710798583
            ],
            [
              113.9067765505862,
              22.49755165647338
            ],
            [
              113.90628412482614,
              22.497464956583922
            ]
          ]
        ]
      }
    },
    {
      "type": "Feature",
      "id": "mock_0045",
      "properties": {
        "name": "建筑45",
        "height": 40.00101781856746,
        "base_height": 0.0,
        "build_year": 2003,
        "floors": 13,
        "property_type": "住宅",
        "color": [
          78,
          138,
          188
        ]
      },
      "geometry": {
        "type": "Polygon",
        "coordinates": [
          [
            [
              113.9855959910103,
              22.538990741100562
            ],
            [
              113.98608799484364,
              22.539079804156735
            ],
            [
              113.98596658062941,
              22.5397505228744
            ],
            [
              113.98547457679607,
              22.539661459818227
            ]
          ]
        ]
      }
    },
    {
      "type": "Feature",
      "id": "mock_0046",
      "properties": {
        "name": "建筑46",
        "height": 45.60169039901215,
        "base_height": 0.0,
        "build_year": 2001,
        "floors": 15,
        "property_type": "住宅",
        "color": [
          79,
          139,
          189
        ]
      },
      "geometry": {
        "type": "Polygon",
        "coordinates": [
          [
            [
              113.87571288492025,
              22.55779693939147
            ],
            [
              113.87618044761079,
              22.557974097880983
            ],
            [
              113.87596949581551,
              22.55853084900961
            ],
            [
              113.87550193312497,
              22.558353690520097
            ]
          ]
        ]
      }
    },
    {
      "type": "Feature",
      "id": "mock_0047",
      "properties": {
        "name": "建筑47",
        "height": 54.5598643131722,
        "base_height": 0.0,
        "build_year": 2014,
        "floors": 18,
        "property_type": "写字楼",
        "color": [
          115,
          115,
          115
        ]
      },
      "geometry": {
        "type": "Polygon",
        "coordinates": [
          [
            [
              113.92306297160995,
              22.569589232932426
            ],
            [
              113.92355613922018,
              22.5696716083427
            ],
            [
              113.9234657715469,
              22.5702126242761
            ],
            [
              113.92297260393667,
              22.570130248865826
            ]
          ]
        ]
      }
    },
    {
      "type": "Feature",
      "id": "mock_0048",
      "properties": {
        "name": "建筑48",
        "height": 64.308794260727,
        "base_height": 0.0,
        "build_year": 2008,
        "floors": 21,
        "property_type": "住宅",
        "color": [
          82,
          142,
          192
        ]
      },
      "geometry": {
        "type": "Polygon",
        "coordinates": [
          [
            [
              113.99377210189763,
              22.544386375854668
            ],
            [
              113.99422643385839,
              22.544595140002528
            ],
            [
              113.99406901844591,
              22.544937722068166
            ],
            [
              113.99361468648516,
              22.544728957920306
            ]
          ]
        ]
      }
    },
    {
      "type": "Feature",
      "id": "mock_0049",
      "properties": {
        "name": "建筑49",
        "height": 39.20395636790615,
        "base_height": 0.0,
        "build_year": 2002,
        "floors": 13,
        "property_type": "商业综合体",
        "color": [
          212,
          99,
          99
        ]
      },
      "geometry": {
        "type": "Polygon",
        "coordinates": [
          [
            [
              114.00708574786977,
              22.4896424590149
            ],
            [
              114.0075272107704,
              22.48987721528714
            ],
            [
              114.00718136772646,
              22.49052757862734
            ],
            [
              114.00673990482582,
              22.490292822355098
            ]
          ]
        ]
      }
    },
    {
      "type": "Feature",
      "id": "mock_0050",
      "properties": {
        "name": "建筑50",
        "height": 52.13636600112151,
        "base_height": 0.0,
        "build_year": 2012,
        "floors": 17,
        "property_type": "商住楼",
        "color": [
          157,
          122,
          229
        ]
      },
      "geometry": {
        "type": "Polygon",
        "coordinates": [
          [
            [
              113.90991761821,
              22.540621291323664
            ],
            [
              113.91036731729982,
              22.540839856482414
            ],
            [
              113.91020490906875,
              22.54117401236572
            ],
            [
              113.90975520997894,
              22.54095544720697
            ]
          ]
        ]
      }
    },
    {
      "type": "Feature",
      "id": "mock_0051",
      "properties": {
        "name": "建筑51",
        "height": 55.350636110253355,
        "base_height": 0.0,
        "build_year": 2004,
        "floors": 18,
        "property_type": "写字楼",
        "color": [
          116,
          116,
          116
        ]
      },
      "geometry": {
        "type": "Polygon",
        "coordinates": [
          [
            [
              113.99595294917476,
              22.575518540533817
            ],
            [
              113.99645070483125,
              22.575565861844506
            ],
            [
              113.99639740916977,
              22.57612645952396
            ],
            [
              113.99589965351329,
              22.57607913821327
            ]
          ]
        ]
      }
    },
    {
      "type": "Feature",
      "id": "mock_0052",
      "properties": {
        "name": "建筑52",
        "height": 121.35571574072861,
        "base_height": 0.0,
        "build_year": 2019,
        "floors": 40,
        "property_type": "商业综合体",
        "color": [
          229,
          116,
          116
        ]
      },
      "geometry": {
        "type": "Polygon",
        "coordinates": [
          [
            [
              113.93080841089635,
              22.55330023510455
            ],
            [
              113.93130574344431,
              22.553351813556723
            ],
            [
              113.93125235889515,
              22.553866560950965
            ],
            [
              113.93075502634719,
              22.553814982498793
            ]
          ]
        ]
      }
    },
    {
      "type": "Feature",
      "id": "mock_0053",
      "properties": {
        "name": "建筑53",
        "height": 40.09979181281653,
        "base_height": 0.0,
        "build_year": 2002,
        "floors": 13,
        "property_type": "写字楼",
        "color": [
          113,
          113,
          113
        ]
      },
      "geometry": {
        "type": "Polygon",
        "coordinates": [
          [
            [
              113.88215369107593,
              22.524233551269344
            ],
            [
              113.88264737111253,
              22.524312797855785
            ],
            [
              113.88253729660116,
              22.524998525673748
            ],
            [
              113.88204361656456,
              22.524919279087307
            ]
          ]
        ]
      }
    },
    {
      "type": "Feature",
      "id": "mock_0054",
      "properties": {
        "name": "建筑54",
        "height": 49.99044948028808,
        "base_height": 0.0,
        "build_year": 2010,
        "floors": 16,
        "property_type": "住宅",
        "color": [
          79,
          139,
          189
        ]
      },
      "geometry": {
        "type": "Polygon",
        "coordinates": [
          [
            [
              113.94361810007968,
              22.52772956548964
            ],
            [
              113.94411669722132,
              22.527766993959176
            ],
            [
              113.9440635884979,
              22.528474472999154
            ],
            [
              113.94356499135625,
              22.528437044529618
            ]
          ]
        ]
      }
    },
    {
      "type": "Feature",
      "id": "mock_0055",
      "properties": {
        "name": "建筑55",
        "height": 75.50711312660427,
        "base_height": 0.0,
        "build_year": 2006,
        "floors": 25,
        "property_type": "住宅",
        "color": [
          85,
          145,
          195
        ]
      },
      "geometry": {
        "type": "Polygon",
        "coordinates": [
          [
            [
              113.96258857587786,
              22.485689835507642
            ],
            [
              113.96305282198823,
              22.485875511432322
            ],
            [
              113.96281874463126,
              22.486460775799188
            ],
            [
              113.9623544985209,
              22.486275099874508
            ]
          ]
        ]
      }
    },
    {
      "type": "Feature",
      "id": "mock_0056",
      "properties": {
        "name": "建筑56",
        "height": 109.77732277122388,
        "base_height": 0.0,
        "build_year": 2010,
        "floors": 36,
        "property_type": "住宅",
        "color": [
          91,
          151,
          201
        ]
      },
      "geometry": {
        "type": "Polygon",
        "coordinates": [
          [
            [
              113.9304561974693,
              22.562021685073738
            ],
            [
              113.9309417542847,
              22.562140993828685
            ],
            [
              113.9308172285666,
              22.562647782380374
            ],
            [
              113.93033167175119,
              22.562528473625427
            ]
          ]
        ]
      }
    },
    {
      "type": "Feature",
      "id": "mock_0057",
      "properties": {
        "name": "建筑57",
        "height": 51.9329351063037,
        "base_height": 0.0,
        "build_year": 2000,
        "floors": 17,
        "property_type": "写字楼",
        "color": [
          115,
          115,
          115
        ]
      },
      "geometry": {
        "type": "Polygon",
        "coordinates": [
          [
            [
              113.8968885078327,
              22.59328458156795
            ],
            [
              113.89738721435843,
              22.593320523204028
            ],
            [
              113.89733392630004,
              22.594059919218424
            ],
            [
              113.8968352197743,
              22.594023977582346
            ]
          ]
        ]
      }
    },
    {
      "type": "Feature",
      "id": "mock_0058",
      "properties": {
        "name": "建筑58",
        "height": 61.64460492397028,
        "base_height": 0.0,
        "build_year": 2009,
        "floors": 20,
        "property_type": "公寓",
        "color": [
          112,
          161,
          249
        ]
      },
      "geometry": {
        "type": "Polygon",
        "coordinates": [
          [
            [
              113.9583243989132,
              22.555370762191995
            ],
            [
              113.95880089229978,
              22.55552226814089
            ],
            [
              113.95858119333106,
              22.556213231805312
            ],
            [
              113.95810469994449,
              22.556061725856416
            ]
          ]
        ]
      }
    },
    {
      "type": "Feature",
      "id": "mock_0059",
      "properties": {
        "name": "建筑59",
        "height": 115.66426979438107,
        "base_height": 0.0,
        "build_year": 2010,
        "floors": 38,
        "property_type": "商住楼",
        "color": [
          170,
          135,
          242
        ]
      },
      "geometry": {
        "type": "Polygon",
        "coordinates": [
          [
            [
              113.88586560513846,
              22.538279628998847
            ],
            [
              113.88635782106891,
              22.538367512318175
            ],
            [
              113.88625849288633,
              22.53892382851311
            ],
            [
              113.88576627695588,
              22.53883594519378
            ]
          ]
        ]
      }
    },
    {
      "type": "Feature",
      "id": "mock_0060",
      "properties": {
        "name": "建筑60",
        "height": 36.02178507636694,
        "base_height": 0.0,
        "build_year": 2004,
        "floors": 12,
        "property_type": "商住楼",
        "color": [
          154,
          119,
          226
        ]
      },
      "geometry": {
        "type": "Polygon",
        "coordinates": [
          [
            [
              113.85746540437452,
              22.513577983066646
            ],
            [
              113.85793956228494,
              22.513736647101585
            ],
            [
              113.8577037342848,
              22.51444140487363
            ],
            [
              113.85722957637438,
              22.51428274083869
            ]
          ]
        ]
      }
    },
    {
      "type": "Feature",
      "id": "mock_0061",
      "properties": {
        "name": "建筑61",
        "height": 40.336022690053525,
        "base_height": 0.0,
        "build_year": 2009,
        "floors": 13,
        "property_type": "写字楼",
        "color": [
          113,
          113,
          113
        ]
      },
      "geometry": {
        "type": "Polygon",
        "coordinates": [
          [
            [
              113.92622388332852,
              22.584759927713254
            ],
            [
              113.92671237067282,
              22.584866605332493
            ],
            [
              113.92655732970381,
              22.58557655322735
            ],
            [
              113.92606884235951,
              22.585469875608112
            ]
          ]
        ]
      }
    },
    {
      "type": "Feature",
      "id": "mock_0062",
      "properties": {
        "name": "建筑62",
        "height": 78.18791585235962,
        "base_height": 0.0,
        "build_year": 2005,
        "floors": 26,
        "property_type": "公寓",
        "color": [
          115,
          164,
          252
        ]
      },
      "geometry": {
        "type": "Polygon",
        "coordinates": [
          [
            [
              113.91580588749689,
              22.58648401234631
            ],
            [
              113.91630582855326,
              22.586491689595892
            ],
            [
              113.91630082862106,
              22.586817284245413
            ],
            [
              113.91580088756469,
              22.586809606995832
            ]
          ]
        ]
      }
    },
    {
      "type": "Feature",
      "id": "mock_0063",
      "properties": {
        "name": "建筑63",
        "height": 108.80430187818888,
        "base_height": 0.0,
        "build_year": 2010,
        "floors": 36,
        "property_type": "公寓",
        "color": [
          121,
          170,
          255
        ]
      },
      "geometry": {
        "type": "Polygon",
        "coordinates": [
          [
            [
              113.87512199078063,
              22.564647501373933
            ],
            [
              113.87559353844924,
              22.564813762602796
            ],
            [
              113.87539768703454,
              22.56536923352425
            ],
            [
              113.87492613936593,
              22.56520297229539
            ]
          ]
        ]
      }
    },
    {
      "type": "Feature",
      "id": "mock_0064",
      "properties": {
        "name": "建筑64",
        "height": 70.94060083196783,
        "base_height": 0.0,
        "build_year": 2010,
        "floors": 23,
        "property_type": "公寓",
        "color": [
          114,
          163,
          251
        ]
      },
      "geometry": {
        "type": "Polygon",
        "coordinates": [
          [
            [
              113.94474575480092,
              22.567968658740533
            ],
            [
              113.94524258721687,
              22.568024850825964
            ],
            [
              113.94519553834834,
              22.56844084184732
            ],
            [
              113.9446987059324,
              22.56838464976189
            ]
          ]
        ]
      }
    },
    {
      "type": "Feature",
      "id": "mock_0065",
      "properties": {
        "name": "建筑65",
        "height": 76.4443474867389,
        "base_height": 0.0,
        "build_year": 2007,
        "floors": 25,
        "property_type": "商住楼",
        "color": [
          162,
          127,
          234
        ]
      },
      "geometry": {
        "type": "Polygon",
        "coordinates": [
          [
            [
              113.87590420941928,
              22.485467568542646
            ],
            [
              113.87640364726462,
              22.48549127167811
            ],
            [
              113.87638177919828,
              22.485952043627314
            ],
            [
              113.87588234135293,
              22.48592834049185
            ]
          ]
        ]
      }
    },
    {
      "type": "Feature",
      "id": "mock_0066",
      "properties": {
        "name": "建筑66",
        "height": 42.295082767158476,
        "base_height": 0.0,
        "build_year": 2009,
        "floors": 14,
        "property_type": "写字楼",
        "color": [
          113,
          113,
          113
        ]
      },
      "geometry": {
        "type": "Polygon",
        "coordinates": [
          [
            [
              113.96782012770113,
              22.570169949119894
            ],
            [
              113.96831213426263,
              22.570258997103828
            ],
            [
              113.96820204937607,
              22.570867236438616
            ],
            [
              113.96771004281457,
              22.570778188454682
            ]
          ]
        ]
      }
    },
    {
      "type": "Feature",
      "id": "mock_0067",
      "properties": {
        "name": "建筑67",
        "height": 82.95609911546546,
        "base_height": 0.0,
        "build_year": 2005,
        "floors": 27,
        "property_type": "商业综合体",
        "color": [
          221,
          108,
          108
        ]
      },
      "geometry": {
        "type": "Polygon",
        "coordinates": [
          [
            [
              113.90566849300716,
              22.597915292837165
            ],
            [
              113.9061068149827,
              22.598155862672655
            ],
            [
              113.90583162593295,
              22.598657261394145
            ],
            [
              113.9053933039574,
              22.598416691558654
            ]
          ]
        ]
      }
    },
    {
      "type": "Feature",
      "id": "mock_0068",
      "properties": {
        "name": "建筑68",
        "height": 33.386203744873164,
        "base_height": 0.0,
        "build_year": 2007,
        "floors": 11,
        "property_type": "商业综合体",
        "color": [
          211,
          98,
          98
        ]
      },
      "geometry": {
        "type": "Polygon",
        "coordinates": [
          [
            [
              113.9178191166517,
              22.513300002429116
            ],
            [
              113.9183027549261,
              22.513426864636003
            ],
            [
              113.91821727254005,
              22.51375275013572
            ],
            [
              113.91773363426564,
              22.513625887928832
            ]
          ]
        ]
      }
    },
    {
      "type": "Feature",
      "id": "mock_0069",
      "properties": {
        "name": "建筑69",
        "height": 79.11974363899746,
        "base_height": 0.0,
        "build_year": 2010,
        "floors": 26,
        "property_type": "商业综合体",
        "color": [
          220,
          107,
          107
        ]
      },
      "geometry": {
        "type": "Polygon",
        "coordinates": [
          [
            [
              114.00152008208707,
              22.591716850689174
            ],
            [
              114.0019740051342,
              22.591926502465423
            ],
            [
              114.0017936386873,
              22.592317019009784
            ],
            [
              114.00133971564017,
              22.592107367233535
            ]
          ]
        ]
      }
    },
    {
      "type": "Feature",
      "id": "mock_0070",
      "properties": {
        "name": "建筑70",
        "height": 55.17017057091332,
        "base_height": 0.0,
        "build_year": 2002,
        "floors": 18,
        "property_type": "公寓",
        "color": [
          111,
          160,
          248
        ]
      },
      "geometry": {
        "type": "Polygon",
        "coordinates": [
          [
            [
              113.90776893335561,
              22.499314585786603
            ],
            [
              113.90822693320567,
              22.49951517526129
            ],
            [
              113.90804333196135,
              22.499934386401346
            ],
            [
              113.9075853321113,
              22.49973379692666
            ]
          ]
        ]
      }
    },
    {
      "type": "Feature",
      "id": "mock_0071",
      "properties": {
        "name": "建筑71",
        "height": 90.42110510755255,
        "base_height": 0.0,
        "build_year": 2014,
        "floors": 30,
        "property_type": "住宅",
        "color": [
          88,
          148,
          198
        ]
      },
      "geometry": {
        "type": "Polygon",
        "coordinates": [
          [
            [
              113.95549834579688,
              22.529892128241436
            ],
            [
              113.95598993703068,
              22.529983441213385
            ],
            [
              113.95586180674957,
              22.530673241595885
            ],
            [
              113.95537021551577,
              22.530581928623935
            ]
          ]
        ]
      }
    },
    {
      "type": "Feature",
      "id": "mock_0072",
      "properties": {
        "name": "建筑72",
        "height": 111.67388037567555,
        "base_height": 0.0,
        "build_year": 2015,
        "floors": 37,
        "property_type": "商住楼",
        "color": [
          169,
          134,
          241
        ]
      },
      "geometry": {
        "type": "Polygon",
        "coordinates": [
          [
            [
              113.9329969711237,
              22.506412113523833
            ],
            [
              113.93348507671251,
              22.506520524474233
            ],
            [
              113.93340544171808,
              22.506879070227246
            ],
            [
              113.93291733612926,
              22.506770659276846
            ]
          ]
        ]
      }
    },
    {
      "type": "Feature",
      "id": "mock_0073",
      "properties": {
        "name": "建筑73",
        "height": 21.66466394649708,
        "base_height": 0.0,
        "build_year": 2001,
        "floors": 7,
        "property_type": "公寓",
        "color": [
          104,
          153,
          241
        ]
      },
      "geometry": {
        "type": "Polygon",
        "coordinates": [
          [
            [
              113.93504099693075,
              22.498221071721424
            ],
            [
              113.93552921260651,
              22.49832898582591
            ],
            [
              113.93542271405386,
              22.498810797384273
            ],
            [
              113.9349344983781,
              22.498702883279787
            ]
          ]
        ]
      }
    },
    {
      "type": "Feature",
      "id": "mock_0074",
      "properties": {
        "name": "建筑74",
        "height": 30.151397636485573,
        "base_height": 0.0,
        "build_year": 2004,
        "floors": 10,
        "property_type": "住宅",
        "color": [
          76,
          136,
          186
        ]
      },
      "geometry": {
        "type": "Polygon",
        "coordinates": [
          [
            [
              113.91042625892429,
              22.57883865023977
            ],
            [
              113.91092355097628,
              22.578890617681886
            ],
            [
              113.91086647041634,
              22.579436838693095
            ],
            [
              113.91036917836435,
              22.57938487125098
            ]
          ]
        ]
      }
    },
    {
      "type": "Feature",
      "id": "mock_0075",
      "properties": {
        "name": "建筑75",
        "height": 79.25262623741206,
        "base_height": 0.0,
        "build_year": 2008,
        "floors": 26,
        "property_type": "商业综合体",
        "color": [
          220,
          107,
          107
        ]
      },
      "geometry": {
        "type": "Polygon",
        "coordinates": [
          [
            [
              113.97063693536177,
              22.551177393299504
            ],
            [
              113.97113014517959,
              22.551259515620504
            ],
            [
              113.97108035701132,
              22.551558533148366
            ],
            [
              113.9705871471935,
              22.551476410827366
            ]
          ]
        ]
      }
    },
    {
      "type": "Feature",
      "id": "mock_0076",
      "properties": {
        "name": "建筑76",
        "height": 21.81966685946996,
        "base_height": 0.0,
        "build_year": 2001,
        "floors": 7,
        "property_type": "公寓",
        "color": [
          104,
          153,
          241
        ]
      },
      "geometry": {
        "type": "Polygon",
        "coordinates": [
          [
            [
              113.90402170865876,
              22.573914676172667
            ],
            [
              113.90451936657612,
              22.573963014535124
            ],
            [
              113.90448520794341,
              22.574314687888258
            ],
            [
              113.90398755002605,
              22.5742663495258
            ]
          ]
        ]
      }
    },
    {
      "type": "Feature",
      "id": "mock_0077",
      "properties": {
        "name": "建筑77",
        "height": 79.32356468407262,
        "base_height": 0.0,
        "build_year": 2005,
        "floors": 26,
        "property_type": "商住楼",
        "color": [
          162,
          127,
          234
        ]
      },
      "geometry": {
        "type": "Polygon",
        "coordinates": [
          [
            [
              113.87290800642934,
              22.537326477133405
            ],
            [
              113.87340800396076,
              22.537328048303294
            ],
            [
              113.87340610600047,
              22.537932041201792
            ],
            [
              113.87290610846905,
              22.537930470031903
            ]
          ]
        ]
      }
    },
    {
      "type": "Feature",
      "id": "mock_0078",
      "properties": {
        "name": "建筑78",
        "height": 25.68796157003301,
        "base_height": 0.0,
        "build_year": 2003,
        "floors": 8,
        "property_type": "住宅",
        "color": [
          75,
          135,
          185
        ]
      },
      "geometry": {
        "type": "Polygon",
        "coordinates": [
          [
            [
              113.87876722470887,
              22.50262117963216
            ],
            [
              113.87924563538519,
              22.502766517943616
            ],
            [
              113.87909514284212,
              22.503261894823883
            ],
            [
              113.8786167321658,
              22.503116556512428
            ]
          ]
        ]
      }
    },
    {
      "type": "Feature",
      "id": "mock_0079",
      "properties": {
        "name": "建筑79",
        "height": 63.721478368899,
        "base_height": 0.0,
        "build_year": 2007,
        "floors": 21,
        "property_type": "公寓",
        "color": [
          112,
          161,
          249
        ]
      },
      "geometry": {
        "type": "Polygon",
        "coordinates": [
          [
            [
              113.86362361628954,
              22.577231046228505
            ],
            [
              113.86411644010343,
              22.577315454098144
            ],
            [
              113.86401012029131,
              22.577936212986245
            ],
            [
              113.86351729647743,
              22.577851805116605
            ]
          ]
        ]
      }
    },
    {
      "type": "Feature",
      "id": "mock_0080",
      "properties": {
        "name": "建筑80",
        "height": 87.88658935030445,
        "base_height": 0.0,
        "build_year": 2005,
        "floors": 29,
        "property_type": "商住楼",
        "color": [
          164,
          129,
          236
        ]
      },
      "geometry": {
        "type": "Polygon",
        "coordinates": [
          [
            [
              113.9123618656423,
              22.511658052052812
            ],
            [
              113.91281479133613,
              22.511869849871164
            ],
            [
              113.91267159454465,
              22.51217607354545
            ],
            [
              113.91221866885081,
              22.5119642757271
            ]
          ]
        ]
      }
    },
    {
      "type": "Feature",
      "id": "mock_0081",
      "properties": {
        "name": "建筑81",
        "height": 67.56633315874828,
        "base_height": 0.0,
        "build_year": 2010,
        "floors": 22,
        "property_type": "写字楼",
        "color": [
          118,
          118,
          118
        ]
      },
      "geometry": {
        "type": "Polygon",
        "coordinates": [
          [
            [
              113.92209419856317,
              22.501957512812822
            ],
            [
              113.92259419801961,
              22.501958250075226
            ],
            [
              113.92259369402953,
              22.502300048006234
            ],
            [
              113.92209369457309,
              22.50229931074383
            ]
          ]
        ]
      }
    },
    {
      "type": "Feature",
      "id": "mock_0082",
      "properties": {
        "name": "建筑82",
        "height": 76.52010022561753,
        "base_height": 0.0,
        "build_year": 2009,
        "floors": 25,
        "property_type": "住宅",
        "color": [
          85,
          145,
          195
        ]
      },
      "geometry": {
        "type": "Polygon",
        "coordinates": [
          [
            [
              113.85617148961879,
              22.536259827500757
            ],
            [
              113.85664097679171,
              22.536431821089174
            ],
            [
              113.85648745295214,
              22.536850891788745
            ],
            [
              113.85601796577922,
              22.53667889820033
            ]
          ]
        ]
      }
    },
    {
      "type": "Feature",
      "id": "mock_0083",
      "properties": {
        "name": "建筑83",
        "height": 58.49504058514629,
        "base_height": 0.0,
        "build_year": 2000,
        "floors": 19,
        "property_type": "商住楼",
        "color": [
          158,
          123,
          230
        ]
      },
      "geometry": {
        "type": "Polygon",
        "coordinates": [
          [
            [
              113.95616064497437,
              22.59171237463544
            ],
            [
              113.956614806588,
              22.59192150911066
            ],
            [
              113.95638081819908,
              22.5924296440997
            ],
            [
              113.95592665658546,
              22.59222050962448
            ]
          ]
        ]
      }
    },
    {
      "type": "Feature",
      "id": "mock_0084",
      "properties": {
        "name": "建筑84",
        "height": 36.17162374318949,
        "base_height": 0.0,
        "build_year": 2009,
        "floors": 12,
        "property_type": "商住楼",
        "color": [
          154,
          119,
          226
        ]
      },
      "geometry": {
        "type": "Polygon",
        "coordinates": [
          [
            [
              113.94070545084804,
              22.566573736279587
            ],
            [
              113.9411972687946,
              22.566663820170767
            ],
            [
              113.94112738860392,
              22.56704533490599
            ],
            [
              113.94063557065736,
              22.56695525101481
            ]
          ]
        ]
      }
    },
    {
      "type": "Feature",
      "id": "mock_0085",
      "properties": {
        "name": "建筑85",
        "height": 63.73925660186038,
        "base_height": 0.0,
        "build_year": 2011,
        "floors": 21,
        "property_type": "住宅",
        "color": [
          82,
          142,
          192
        ]
      },
      "geometry": {
        "type": "Polygon",
        "coordinates": [
          [
            [
              113.90855879192355,
              22.56541517399302
            ],
            [
              113.90902663926371,
              22.565591579396287
            ],
            [
              113.90888644278226,
              22.56596339652734
            ],
            [
              113.9084185954421,
              22.565786991124074
            ]
          ]
        ]
      }
    },
    {
      "type": "Feature",
      "id": "mock_0086",
      "properties": {
        "name": "建筑86",
        "height": 156.49982354409354,
        "base_height": 0.0,
        "build_year": 2018,
        "floors": 52,
        "property_type": "公寓",
        "color": [
          130,
          179,
          255
        ]
      },
      "geometry": {
        "type": "Polygon",
        "coordinates": [
          [
            [
              113.94508783763203,
              22.533900768519054
            ],
            [
              113.9455621259651,
              22.53405904226012
            ],
            [
              113.94546608462281,
              22.534346842926453
            ],
            [
              113.94499179628974,
              22.534188569185385
            ]
          ]
        ]
      }
    },
    {
      "type": "Feature",
      "id": "mock_0087",
      "properties": {
        "name": "建筑87",
        "height": 78.35679241774643,
        "base_height": 0.0,
        "build_year": 2008,
        "floors": 26,
        "property_type": "住宅",
        "color": [
          85,
          145,
          195
        ]
      },
      "geometry": {
        "type": "Polygon",
        "coordinates": [
          [
            [
              113.93029127322758,
              22.51583804372814
            ],
            [
              113.93077200650622,
              22.515975504685535
            ],
            [
              113.93058887858696,
              22.516615946063983
            ],
            [
              113.93010814530832,
              22.51647848510659
            ]
          ]
        ]
      }
    },
    {
      "type": "Feature",
      "id": "mock_0088",
      "properties": {
        "name": "建筑88",
        "height": 82.78959242001596,
        "base_height": 0.0,
        "build_year": 2005,
        "floors": 27,
        "property_type": "住宅",
        "color": [
          86,
          146,
          196
        ]
      },
      "geometry": {
        "type": "Polygon",
        "coordinates": [
          [
            [
              113.87754641771762,
              22.58190031030883
            ],
            [
              113.87798908564008,
              22.582132786351522
            ],
            [
              113.87765959596014,
              22.58276018223454
            ],
            [
              113.87721692803768,
              22.582527706191847
            ]
          ]
        ]
      }
    },
    {
      "type": "Feature",
      "id": "mock_0089",
      "properties": {
        "name": "建筑89",
        "height": 27.605965928392013,
        "base_height": 0.0,
        "build_year": 2002,
        "floors": 9,
        "property_type": "商住楼",
        "color": [
          152,
          117,
          224
        ]
      },
      "geometry": {
        "type": "Polygon",
        "coordinates": [
          [
            [
              113.86156352772777,
              22.529191628761964
            ],
            [
              113.86205125115383,
              22.529301746243195
            ],
            [
              113.86196020222455,
              22.529705012783907
            ],
            [
              113.86147247879849,
              22.529594895302676
            ]
          ]
        ]
      }
    },
    {
      "type": "Feature",
      "id": "mock_0090",
      "properties": {
        "name": "建筑90",
        "height": 79.43347510237392,
        "base_height": 0.0,
        "build_year": 2008,
        "floors": 26,
        "property_type": "商业综合体",
        "color": [
          220,
          107,
          107
        ]
      },
      "geometry": {
        "type": "Polygon",
        "coordinates": [
          [
            [
              113.90757596479591,
              22.500363190774877
            ],
            [
              113.9080745055299,
              22.500401363232985
            ],
            [
              113.90803733465225,
              22.500886823104928
            ],
            [
              113.90753879391826,
              22.50084865064682
            ]
          ]
        ]
      }
    },
    {
      "type": "Feature",
      "id": "mock_0091",
      "properties": {
        "name": "建筑91",
        "height": 37.98998899807227,
        "base_height": 0.0,
        "build_year": 2001,
        "floors": 12,
        "property_type": "写字楼",
        "color": [
          112,
          112,
          112
        ]
      },
      "geometry": {
        "type": "Polygon",
        "coordinates": [
          [
            [
              113.85254446562918,
              22.565247076390524
            ],
            [
              113.8530231272219,
              22.565391586181345
            ],
            [
              113.85284858046062,
              22.565969739608096
            ],
            [
              113.8523699188679,
              22.565825229817275
            ]
          ]
        ]
      }
    },
    {
      "type": "Feature",
      "id": "mock_0092",
      "properties": {
        "name": "建筑92",
        "height": 37.26965064171435,
        "base_height": 0.0,
        "build_year": 2008,
        "floors": 12,
        "property_type": "写字楼",
        "color": [
          112,
          112,
          112
        ]
      },
      "geometry": {
        "type": "Polygon",
        "coordinates": [
          [
            [
              113.95764821565274,
              22.58072271498296
            ],
            [
              113.95814684937163,
              22.580759652963206
            ],
            [
              113.95811898600533,
              22.581135786521685
            ],
            [
              113.95762035228644,
              22.58109884854144
            ]
          ]
        ]
      }
    },
    {
      "type": "Feature",
      "id": "mock_0093",
      "properties": {
        "name": "建筑93",
        "height": 85.35636038734785,
        "base_height": 0.0,
        "build_year": 2008,
        "floors": 28,
        "property_type": "写字楼",
        "color": [
          122,
          122,
          122
        ]
      },
      "geometry": {
        "type": "Polygon",
        "coordinates": [
          [
            [
              113.89569026479859,
              22.505396204929202
            ],
            [
              113.89618745410014,
              22.505449146391474
            ],
            [
              113.89613352984011,
              22.5059555654443
            ],
            [
              113.89563634053856,
              22.505902623982028
            ]
          ]
        ]
      }
    },
    {
      "type": "Feature",
      "id": "mock_0094",
      "properties": {
        "name": "建筑94",
        "height": 112.36943157062888,
        "base_height": 0.0,
        "build_year": 2012,
        "floors": 37,
        "property_type": "写字楼",
        "color": [
          127,
          127,
          127
        ]
      },
      "geometry": {
        "type": "Polygon",
        "coordinates": [
          [
            [
              113.92963715707567,
              22.516222933165295
            ],
            [
              113.93008229960074,
              22.516450635015037
            ],
            [
              113.92978375846273,
              22.517034263809258
            ],
            [
              113.92933861593767,
              22.516806561959516
            ]
          ]
        ]
      }
    },
    {
      "type": "Feature",
      "id": "mock_0095",
      "properties": {
        "name": "建筑95",
        "height": 52.21459859086151,
        "base_height": 0.0,
        "build_year": 2003,
        "floors": 17,
        "property_type": "住宅",
        "color": [
          80,
          140,
          190
        ]
      },
      "geometry": {
        "type": "Polygon",
        "coordinates": [
          [
            [
              113.95523385109037,
              22.590002674984294
            ],
            [
              113.95568877049794,
              22.59021015590538
            ],
            [
              113.9554922519517,
              22.590641039382145
            ],
            [
              113.95503733254412,
              22.59043355846106
            ]
          ]
        ]
      }
    },
    {
      "type": "Feature",
      "id": "mock_0096",
      "properties": {
        "name": "建筑96",
        "height": 126.79561630209815,
        "base_height": 0.0,
        "build_year": 2017,
        "floors": 42,
        "property_type": "商住楼",
        "color": [
          172,
          137,
          244
        ]
      },
      "geometry": {
        "type": "Polygon",
        "coordinates": [
          [
            [
              113.94554511724846,
              22.531758971341553
            ],
            [
              113.94604414856998,
              22.531790079863402
            ],
            [
              113.94599799410327,
              22.532530472628814
            ],
            [
              113.94549896278174,
              22.532499364106965
            ]
          ]
        ]
      }
    },
    {
      "type": "Feature",
      "id": "mock_0097",
      "properties": {
        "name": "建筑97",
        "height": 46.77288251289305,
        "base_height": 0.0,
        "build_year": 2009,
        "floors": 15,
        "property_type": "公寓",
        "color": [
          109,
          158,
          246
        ]
      },
      "geometry": {
        "type": "Polygon",
        "coordinates": [
          [
            [
              113.85329236466313,
              22.50498895777118
            ],
            [
              113.85375172523804,
              22.50518641121434
            ],
            [
              113.85348396513709,
              22.505809334937215
            ],
            [
              113.85302460456218,
              22.505611881494055
            ]
          ]
        ]
      }
    },
    {
      "type": "Feature",
      "id": "mock_0098",
      "properties": {
        "name": "建筑98",
        "height": 58.43828232775948,
        "base_height": 0.0,
        "build_year": 2009,
        "floors": 19,
        "property_type": "商业综合体",
        "color": [
          216,
          103,
          103
        ]
      },
      "geometry": {
        "type": "Polygon",
        "coordinates": [
          [
            [
              113.96882880544979,
              22.595628864664743
            ],
            [
              113.96932573549861,
              22.59568418669089
            ],
            [
              113.96924857536385,
              22.596377277530284
            ],
            [
              113.96875164531502,
              22.596321955504138
            ]
          ]
        ]
      }
    },
    {
      "type": "Feature",
      "id": "mock_0099",
      "properties": {
        "name": "建筑99",
        "height": 97.2500395333221,
        "base_height": 0.0,
        "build_year": 2012,
        "floors": 32,
        "property_type": "住宅",
        "color": [
          89,
          149,
          199
        ]
      },
      "geometry": {
        "type": "Polygon",
        "coordinates": [
          [
            [
              113.9337293996816,
              22.507741102737295
            ],
            [
              113.93418402702962,
              22.507949222833478
            ],
            [
              113.93389348938248,
              22.50858388696461
            ],
            [
              113.93343886203446,
              22.50837576686843
            ]
          ]
        ]
      }
    },
    {
      "type": "Feature",
      "id": "mock_0100",
      "properties": {
        "name": "建筑100",
        "height": 82.05095313247746,
        "base_height": 0.0,
        "build_year": 2006,
        "floors": 27,
        "property_type": "商住楼",
        "color": [
          163,
          128,
          235
        ]
      },
      "geometry": {
        "type": "Polygon",
        "coordinates": [
          [
            [
              113.88586743967744,
              22.553201502047322
            ],
            [
              113.88636054843832,
              22.553284229007584
            ],
            [
              113.8863104039427,
              22.55358312419267
            ],
            [
              113.88581729518182,
              22.55350039723241
            ]
          ]
        ]
      }
    },
    {
      "type": "Feature",
      "id": "mock_0101",
      "properties": {
        "name": "建筑101",
        "height": 76.03224247846288,
        "base_height": 0.0,
        "build_year": 2014,
        "floors": 25,
        "property_type": "商住楼",
        "color": [
          162,
          127,
          234
        ]
      },
      "geometry": {
        "type": "Polygon",
        "coordinates": [
          [
            [
              113.92756688662888,
              22.533935015316874
            ],
            [
              113.92806253037108,
              22.534000873352188
            ],
            [
              113.92796771217826,
              22.534714469554924
            ],
            [
              113.92747206843606,
              22.53464861151961
            ]
          ]
        ]
      }
    },
    {
      "type": "Feature",
      "id": "mock_0102",
      "properties": {
        "name": "建筑102",
        "height": 73.96773317951646,
        "base_height": 0.0,
        "build_year": 2008,
        "floors": 24,
        "property_type": "写字楼",
        "color": [
          119,
          119,
          119
        ]
      },
      "geometry": {
        "type": "Polygon",
        "coordinates": [
          [
            [
              113.93164509695508,
              22.589761219598863
            ],
            [
              113.93208106677464,
              22.59000602629083
            ],
            [
              113.93186811571128,
              22.590385265256586
            ],
            [
              113.93143214589172,
              22.59014045856462
            ]
          ]
        ]
      }
    },
    {
      "type": "Feature",
      "id": "mock_0103",
      "properties": {
        "name": "建筑103",
        "height": 100.7149166828797,
        "base_height": 0.0,
        "build_year": 2014,
        "floors": 33,
        "property_type": "商住楼",
        "color": [
          167,
          132,
          239
        ]
      },
      "geometry": {
        "type": "Polygon",
        "coordinates": [
          [
            [
              113.96659170424017,
              22.53630574894368
            ],
            [
              113.96709124271239,
              22.536327227183495
            ],
            [
              113.96706737361701,
              22.536882371903932
            ],
            [
              113.9665678351448,
              22.536860893664116
            ]
          ]
        ]
      }
    },
    {
      "type": "Feature",
      "id": "mock_0104",
      "properties": {
        "name": "建筑104",
        "height": 160.82662125719264,
        "base_height": 0.0,
        "build_year": 2015,
        "floors": 53,
        "property_type": "公寓",
        "color": [
          130,
          179,
          255
        ]
      },
      "geometry": {
        "type": "Polygon",
        "coordinates": [
          [
            [
              113.96018146761831,
              22.549289055346676
            ],
            [
              113.96064879473572,
              22.549466834325557
            ],
            [
              113.96045455472826,
              22.549977432503944
            ],
            [
              113.95998722761085,
              22.549799653525064
            ]
          ]
        ]
      }
    },
    {
      "type": "Feature",
      "id": "mock_0105",
      "properties": {
        "name": "建筑105",
        "height": 96.87327273328579,
        "base_height": 0.0,
        "build_year": 2014,
        "floors": 32,
        "property_type": "住宅",
        "color": [
          89,
          149,
          199
        ]
      },
      "geometry": {
        "type": "Polygon",
        "coordinates": [
          [
            [
              113.90867704671811,
              22.557968467783017
            ],
            [
              113.90916324884067,
              22.558085118955347
            ],
            [
              113.90904320348292,
              22.5585854680438
            ],
            [
              113.90855700136036,
              22.558468816871468
            ]
          ]
        ]
      }
    },
    {
      "type": "Feature",
      "id": "mock_0106",
      "properties": {
        "name": "建筑106",
        "height": 37.982661178994945,
        "base_height": 0.0,
        "build_year": 2000,
        "floors": 12,
        "property_type": "住宅",
        "color": [
          77,
          137,
          187
        ]
      },
      "geometry": {
        "type": "Polygon",
        "coordinates": [
          [
            [
              114.00807304148694,
              22.507586502510165
            ],
            [
              114.00857292425982,
              22.50759732902316
            ],
            [
              114.00856343810065,
              22.50803532485378
            ],
            [
              114.00806355532777,
              22.508024498340784
            ]
          ]
        ]
      }
    },
    {
      "type": "Feature",
      "id": "mock_0107",
      "properties": {
        "name": "建筑107",
        "height": 22.914945116033564,
        "base_height": 0.0,
        "build_year": 2000,
        "floors": 7,
        "property_type": "商住楼",
        "color": [
          151,
          116,
          223
        ]
      },
      "geometry": {
        "type": "Polygon",
        "coordinates": [
          [
            [
              113.86809285589298,
              22.51905572025041
            ],
            [
              113.86859136684893,
              22.519094279643436
            ],
            [
              113.86854799801743,
              22.51965496890627
            ],
            [
              113.86804948706148,
              22.519616409513244
            ]
          ]
        ]
      }
    },
    {
      "type": "Feature",
      "id": "mock_0108",
      "properties": {
        "name": "建筑108",
        "height": 63.23664469756136,
        "base_height": 0.0,
        "build_year": 2013,
        "floors": 21,
        "property_type": "商住楼",
        "color": [
          159,
          124,
          231
        ]
      },
      "geometry": {
        "type": "Polygon",
        "coordinates": [
          [
            [
              113.9361552298845,
              22.565655029563487
            ],
            [
              113.93661067473396,
              22.56586135452345
            ],
            [
              113.93636751500866,
              22.566398108993205
            ],
            [
              113.9359120701592,
              22.566191784033244
            ]
          ]
        ]
      }
    },
    {
      "type": "Feature",
      "id": "mock_0109",
      "properties": {
        "name": "建筑109",
        "height": 76.94992442703695,
        "base_height": 0.0,
        "build_year": 2012,
        "floors": 25,
        "property_type": "商业综合体",
        "color": [
          220,
          107,
          107
        ]
      },
      "geometry": {
        "type": "Polygon",
        "coordinates": [
          [
            [
              113.93779895359711,
              22.532230352539106
            ],
            [
              113.93828183465047,
              22.53236006718096
            ],
            [
              113.93818537971197,
              22.53271913429658
            ],
            [
              113.93770249865861,
              22.532589419654727
            ]
          ]
        ]
      }
    },
    {
      "type": "Feature",
      "id": "mock_0110",
      "properties": {
        "name": "建筑110",
        "height": 127.37641596696055,
        "base_height": 0.0,
        "build_year": 2019,
        "floors": 42,
        "property_type": "公寓",
        "color": [
          125,
          174,
          255
        ]
      },
      "geometry": {
        "type": "Polygon",
        "coordinates": [
          [
            [
              113.93866825692845,
              22.52218574560207
            ],
            [
              113.93916363348234,
              22.522253584159394
            ],
            [
              113.93911526454812,
              22.52260678795513
            ],
            [
              113.93861988799424,
              22.522538949397806
            ]
          ]
        ]
      }
    },
    {
      "type": "Feature",
      "id": "mock_0111",
      "properties": {
        "name": "建筑111",
        "height": 60.372039777154484,
        "base_height": 0.0,
        "build_year": 2009,
        "floors": 20,
        "property_type": "住宅",
        "color": [
          82,
          142,
          192
        ]
      },
      "geometry": {
        "type": "Polygon",
        "coordinates": [
          [
            [
              113.99179819214304,
              22.564695831711656
            ],
            [
              113.99223866725039,
              22.564932436191334
            ],
            [
              113.99207913853535,
              22.565229423078396
            ],
            [
              113.99163866342799,
              22.564992818598718
            ]
          ]
        ]
      }
    },
    {
      "type": "Feature",
      "id": "mock_0112",
      "properties": {
        "name": "建筑112",
        "height": 21.034046321050866,
        "base_height": 0.0,
        "build_year": 2000,
        "floors": 7,
        "property_type": "商住楼",
        "color": [
          151,
          116,
          223
        ]
      },
      "geometry": {
        "type": "Polygon",
        "coordinates": [
          [
            [
              113.88142074238331,
              22.484997152839775
            ],
            [
              113.88186931624068,
              22.485218018170894
            ],
            [
              113.88162781624615,
              22.485708500690507
            ],
            [
              113.88117924238878,
              22.485487635359387
            ]
          ]
        ]
      }
    },
    {
      "type": "Feature",
      "id": "mock_0113",
      "properties": {
        "name": "建筑113",
        "height": 70.31372456404749,
        "base_height": 0.0,
        "build_year": 2006,
        "floors": 23,
        "property_type": "商业综合体",
        "color": [
          219,
          106,
          106
        ]
      },
      "geometry": {
        "type": "Polygon",
        "coordinates": [
          [
            [
              113.96313170843779,
              22.563241710545036
            ],
            [
              113.96357134960093,
              22.56347986101781
            ],
            [
              113.96329527373116,
              22.563989514914695
            ],
            [
              113.96285563256802,
              22.56375136444192
            ]
          ]
        ]
      }
    },
    {
      "type": "Feature",
      "id": "mock_0114",
      "properties": {
        "name": "建筑114",
        "height": 39.796155179871306,
        "base_height": 0.0,
        "build_year": 2008,
        "floors": 13,
        "property_type": "商住楼",
        "color": [
          154,
          119,
          226
        ]
      },
      "geometry": {
        "type": "Polygon",
        "coordinates": [
          [
            [
              113.91713748042618,
              22.516283536149594
            ],
            [
              113.91763203775854,
              22.51635710954836
            ],
            [
              113.91758022413366,
              22.516705398584
            ],
            [
              113.9170856668013,
              22.516631825185236
            ]
          ]
        ]
      }
    },
    {
      "type": "Feature",
      "id": "mock_0115",
      "properties": {
        "name": "建筑115",
        "height": 51.500057118141,
        "base_height": 0.0,
        "build_year": 2006,
        "floors": 17,
        "property_type": "商业综合体",
        "color": [
          215,
          102,
          102
        ]
      },
      "geometry": {
        "type": "Polygon",
        "coordinates": [
          [
            [
              113.98840898796156,
              22.53030269904838
            ],
            [
              113.98888331641665,
              22.53046085250773
            ],
            [
              113.98866051166597,
              22.53112908090821
            ],
            [
              113.98818618321089,
              22.530970927448863
            ]
          ]
        ]
      }
    },
    {
      "type": "Feature",
      "id": "mock_0116",
      "properties": {
        "name": "建筑116",
        "height": 28.678380869444766,
        "base_height": 0.0,
        "build_year": 2004,
        "floors": 9,
        "property_type": "商住楼",
        "color": [
          152,
          117,
          224
        ]
      },
      "geometry": {
        "type": "Polygon",
        "coordinates": [
          [
            [
              113.94832416301765,
              22.58761931477989
            ],
            [
              113.94881980676871,
              22.587685172748497
            ],
            [
              113.94872138349453,
              22.588425901347403
            ],
            [
              113.94822573974346,
              22.588360043378795
            ]
          ]
        ]
      }
    },
    {
      "type": "Feature",
      "id": "mock_0117",
      "properties": {
        "name": "建筑117",
        "height": 40.618688272017835,
        "base_height": 0.0,
        "build_year": 2003,
        "floors": 13,
        "property_type": "住宅",
        "color": [
          78,
          138,
          188
        ]
      },
      "geometry": {
        "type": "Polygon",
        "coordinates": [
          [
            [
              113.9855372676734,
              22.55208970540644
            ],
            [
              113.98600572412232,
              22.552264486857
            ],
            [
              113.98581852023757,
              22.552766238426177
            ],
            [
              113.98535006378864,
              22.55259145697562
            ]
          ]
        ]
      }
    },
    {
      "type": "Feature",
      "id": "mock_0118",
      "properties": {
        "name": "建筑118",
        "height": 33.02482263886299,
        "base_height": 0.0,
        "build_year": 2004,
        "floors": 11,
        "property_type": "住宅",
        "color": [
          76,
          136,
          186
        ]
      },
      "geometry": {
        "type": "Polygon",
        "coordinates": [
          [
            [
              114.00101771270772,
              22.5067048853055
            ],
            [
              114.0014971539156,
              22.506846787131394
            ],
            [
              114.00131227750776,
              22.507471425804813
            ],
            [
              114.00083283629989,
              22.507329523978918
            ]
          ]
        ]
      }
    },
    {
      "type": "Feature",
      "id": "mock_0119",
      "properties": {
        "name": "建筑119",
        "height": 91.86596026343379,
        "base_height": 0.0,
        "build_year": 2016,
        "floors": 30,
        "property_type": "公寓",
        "color": [
          118,
          167,
          255
        ]
      },
      "geometry": {
        "type": "Polygon",
        "coordinates": [
          [
            [
              113.91661979318343,
              22.544456067327125
            ],
            [
              113.91711620725303,
              22.544515842501728
            ],
            [
              113.9170441384172,
              22.54511435157051
            ],
            [
              113.9165477243476,
              22.54505457639591
            ]
          ]
        ]
      }
    },
    {
      "type": "Feature",
      "id": "mock_0120",
      "properties": {
        "name": "建筑120",
        "height": 79.51107098525647,
        "base_height": 0.0,
        "build_year": 2006,
        "floors": 26,
        "property_type": "住宅",
        "color": [
          85,
          145,
          195
        ]
      },
      "geometry": {
        "type": "Polygon",
        "coordinates": [
          [
            [
              113.93237284239669,
              22.514903143867894
            ],
            [
              113.93284493808432,
              22.515067842567724
            ],
            [
              113.9326462438872,
              22.515637383637003
            ],
            [
              113.93217414819958,
              22.515472684937173
            ]
          ]
        ]
      }
    },
    {
      "type": "Feature",
      "id": "mock_0121",
      "properties": {
        "name": "建筑121",
        "height": 51.50639992011906,
        "base_height": 0.0,
        "build_year": 2004,
        "floors": 17,
        "property_type": "商住楼",
        "color": [
          157,
          122,
          229
        ]
      },
      "geometry": {
        "type": "Polygon",
        "coordinates": [
          [
            [
              113.99962957998784,
              22.546451731362293
            ],
            [
              114.0000861819926,
              22.546655482704
            ],
            [
              113.99991239750395,
              22.547044929689935
            ],
            [
              113.99945579549919,
              22.546841178348227
            ]
          ]
        ]
      }
    },
    {
      "type": "Feature",
      "id": "mock_0122",
      "properties": {
        "name": "建筑122",
        "height": 36.40412751156887,
        "base_height": 0.0,
        "build_year": 2008,
        "floors": 12,
        "property_type": "商业综合体",
        "color": [
          212,
          99,
          99
        ]
      },
      "geometry": {
        "type": "Polygon",
        "coordinates": [
          [
            [
              113.94937471300015,
              22.57789290813358
            ],
            [
              113.94987452473099,
              22.577906627962953
            ],
            [
              113.94985533323465,
              22.578605771862318
            ],
            [
              113.94935552150382,
              22.578592052032946
            ]
          ]
        ]
      }
    },
    {
      "type": "Feature",
      "id": "mock_0123",
      "properties": {
        "name": "建筑123",
        "height": 87.32881138500743,
        "base_height": 0.0,
        "build_year": 2010,
        "floors": 29,
        "property_type": "商业综合体",
        "color": [
          222,
          109,
          109
        ]
      },
      "geometry": {
        "type": "Polygon",
        "coordinates": [
          [
            [
              113.92283551368891,
              22.59918664574367
            ],
            [
              113.9232994423376,
              22.599373113459162
            ],
            [
              113.92316074581737,
              22.59971818814963
            ],
            [
              113.92269681716868,
              22.59953172043414
            ]
          ]
        ]
      }
    },
    {
      "type": "Feature",
      "id": "mock_0124",
      "properties": {
        "name": "建筑124",
        "height": 84.7179406025312,
        "base_height": 0.0,
        "build_year": 2005,
        "floors": 28,
        "property_type": "商业综合体",
        "color": [
          221,
          108,
          108
        ]
      },
      "geometry": {
        "type": "Polygon",
        "coordinates": [
          [
            [
              113.89131479452958,
              22.561319415017675
            ],
            [
              113.8918105895192,
              22.56138412458625
            ],
            [
              113.89176957838019,
              22.561698345769987
            ],
            [
              113.89127378339057,
              22.56163363620141
            ]
          ]
        ]
      }
    },
    {
      "type": "Feature",
      "id": "mock_0125",
      "properties": {
        "name": "建筑125",
        "height": 36.52979523040799,
        "base_height": 0.0,
        "build_year": 2001,
        "floors": 12,
        "property_type": "公寓",
        "color": [
          107,
          156,
          244
        ]
      },
      "geometry": {
        "type": "Polygon",
        "coordinates": [
          [
            [
              113.9883492114002,
              22.51073753083289
            ],
            [
              113.98882098013861,
              22.510903163732586
            ],
            [
              113.98872143378419,
              22.51118669954053
            ],
            [
              113.98824966504579,
              22.511021066640836
            ]
          ]
        ]
      }
    },
    {
      "type": "Feature",
      "id": "mock_0126",
      "properties": {
        "name": "建筑126",
        "height": 111.66773372318826,
        "base_height": 0.0,
        "build_year": 2013,
        "floors": 37,
        "property_type": "写字楼",
        "color": [
          127,
          127,
          127
        ]
      },
      "geometry": {
        "type": "Polygon",
        "coordinates": [
          [
            [
              113.90988756885078,
              22.53001407822796
            ],
            [
              113.91037545254734,
              22.53012348343175
            ],
            [
              113.91025360645902,
              22.53066684625112
            ],
            [
              113.90976572276246,
              22.53055744104733
            ]
          ]
        ]
      }
    },
    {
      "type": "Feature",
      "id": "mock_0127",
      "properties": {
        "name": "建筑127",
        "height": 69.36907408750938,
        "base_height": 0.0,
        "build_year": 2006,
        "floors": 23,
        "property_type": "商业综合体",
        "color": [
          218,
          105,
          105
        ]
      },
      "geometry": {
        "type": "Polygon",
        "coordinates": [
          [
            [
              113.8882505538165,
              22.547425252547267
            ],
            [
              113.88870418929785,
              22.54763552582197
            ],
            [
              113.88851788027779,
              22.548037461741405
            ],
            [
              113.88806424479644,
              22.5478271884667
            ]
          ]
        ]
      }
    },
    {
      "type": "Feature",
      "id": "mock_0128",
      "properties": {
        "name": "建筑128",
        "height": 106.75303921032045,
        "base_height": 0.0,
        "build_year": 2010,
        "floors": 35,
        "property_type": "商住楼",
        "color": [
          168,
          133,
          240
        ]
      },
      "geometry": {
        "type": "Polygon",
        "coordinates": [
          [
            [
              113.85611376809695,
              22.54580211407457
            ],
            [
              113.85659324728603,
              22.545943887510884
            ],
            [
              113.8564770517979,
              22.546336861821672
            ],
            [
              113.85599757260881,
              22.546195088385357
            ]
          ]
        ]
      }
    },
    {
      "type": "Feature",
      "id": "mock_0129",
      "properties": {
        "name": "建筑129",
        "height": 39.41823355580136,
        "base_height": 0.0,
        "build_year": 2001,
        "floors": 13,
        "property_type": "商业综合体",
        "color": [
          212,
          99,
          99
        ]
      },
      "geometry": {
        "type": "Polygon",
        "coordinates": [
          [
            [
              113.85477577443115,
              22.510686694222255
            ],
            [
              113.85527552178887,
              22.510702586939292
            ],
            [
              113.85525699701847,
              22.51128509935926
            ],
            [
              113.85475724966075,
              22.511269206642222
            ]
          ]
        ]
      }
    },
    {
      "type": "Feature",
      "id": "mock_0130",
      "properties": {
        "name": "建筑130",
        "height": 79.05446460804652,
        "base_height": 0.0,
        "build_year": 2008,
        "floors": 26,
        "property_type": "商住楼",
        "color": [
          162,
          127,
          234
        ]
      },
      "geometry": {
        "type": "Polygon",
        "coordinates": [
          [
            [
              114.00658956115109,
              22.57870675218258
            ],
            [
              114.00707368895881,
              22.57883173324428
            ],
            [
              114.00698051720966,
              22.579192644201857
            ],
            [
              114.00649638940193,
              22.579067663140158
            ]
          ]
        ]
      }
    },
    {
      "type": "Feature",
      "id": "mock_0131",
      "properties": {
        "name": "建筑131",
        "height": 78.15143866387733,
        "base_height": 0.0,
        "build_year": 2008,
        "floors": 26,
        "property_type": "写字楼",
        "color": [
          120,
          120,
          120
        ]
      },
      "geometry": {
        "type": "Polygon",
        "coordinates": [
          [
            [
              113.95841913560011,
              22.52448986052105
            ],
            [
              113.95890904980529,
              22.524589780847172
            ],
            [
              113.95884391763352,
              22.52490912704431
            ],
            [
              113.95835400342834,
              22.52480920671819
            ]
          ]
        ]
      }
    },
    {
      "type": "Feature",
      "id": "mock_0132",
      "properties": {
        "name": "建筑132",
        "height": 87.4399665490421,
        "base_height": 0.0,
        "build_year": 2005,
        "floors": 29,
        "property_type": "住宅",
        "color": [
          87,
          147,
          197
        ]
      },
      "geometry": {
        "type": "Polygon",
        "coordinates": [
          [
            [
              113.98060072738703,
              22.59410729575504
            ],
            [
              113.98109849377555,
              22.59415450404298
            ],
            [
              113.98105157955696,
              22.594649169750536
            ],
            [
              113.98055381316844,
              22.594601961462597
            ]
          ]
        ]
      }
    },
    {
      "type": "Feature",
      "id": "mock_0133",
      "properties": {
        "name": "建筑133",
        "height": 51.22521974775227,
        "base_height": 0.0,
        "build_year": 2004,
        "floors": 17,
        "property_type": "住宅",
        "color": [
          80,
          140,
          190
        ]
      },
      "geometry": {
        "type": "Polygon",
        "coordinates": [
          [
            [
              113.96477243133629,
              22.48653800420887
            ],
            [
              113.96524466210076,
              22.48670231520996
            ],
            [
              113.96514177916637,
              22.48699800135657
            ],
            [
              113.9646695484019,
              22.486833690355482
            ]
          ]
        ]
      }
    },
    {
      "type": "Feature",
      "id": "mock_0134",
      "properties": {
        "name": "建筑134",
        "height": 76.86247601055175,
        "base_height": 0.0,
        "build_year": 2005,
        "floors": 25,
        "property_type": "公寓",
        "color": [
          115,
          164,
          252
        ]
      },
      "geometry": {
        "type": "Polygon",
        "coordinates": [
          [
            [
              113.86383033263324,
              22.533379249664236
            ],
            [
              113.86433024304266,
              22.533388714471013
            ],
            [
              113.86432149571537,
              22.53385072918168
            ],
            [
              113.86382158530596,
              22.533841264374903
            ]
          ]
        ]
      }
    },
    {
      "type": "Feature",
      "id": "mock_0135",
      "properties": {
        "name": "建筑135",
        "height": 34.16914185875894,
        "base_height": 0.0,
        "build_year": 2000,
        "floors": 11,
        "property_type": "公寓",
        "color": [
          106,
          155,
          243
        ]
      },
      "geometry": {
        "type": "Polygon",
        "coordinates": [
          [
            [
              113.85589336628433,
              22.570834274071164
            ],
            [
              113.8563305765806,
              22.571076858400485
            ],
            [
              113.85600145242756,
              22.57167003962064
            ],
            [
              113.8555642421313,
              22.571427455291317
            ]
          ]
        ]
      }
    },
    {
      "type": "Feature",
      "id": "mock_0136",
      "properties": {
        "name": "建筑136",
        "height": 76.20597211961656,
        "base_height": 0.0,
        "build_year": 2008,
        "floors": 25,
        "property_type": "商业综合体",
        "color": [
          220,
          107,
          107
        ]
      },
      "geometry": {
        "type": "Polygon",
        "coordinates": [
          [
            [
              113.85360617116939,
              22.538259473271893
            ],
            [
              113.8540440445103,
              22.538500858725715
            ],
            [
              113.85368671289118,
              22.539149058471807
            ],
            [
              113.85324883955026,
              22.538907673017984
            ]
          ]
        ]
      }
    },
    {
      "type": "Feature",
      "id": "mock_0137",
      "properties": {
        "name": "建筑137",
        "height": 61.622970312455664,
        "base_height": 0.0,
        "build_year": 2015,
        "floors": 20,
        "property_type": "住宅",
        "color": [
          82,
          142,
          192
        ]
      },
      "geometry": {
        "type": "Polygon",
        "coordinates": [
          [
            [
              113.89768428978674,
              22.531388903441147
            ],
            [
              113.89818251860426,
              22.531430951572954
            ],
            [
              113.89815553894054,
              22.531750633931537
            ],
            [
              113.89765731012302,
              22.53170858579973
            ]
          ]
        ]
      }
    },
    {
      "type": "Feature",
      "id": "mock_0138",
      "properties": {
        "name": "建筑138",
        "height": 88.2821654945056,
        "base_height": 0.0,
        "build_year": 2012,
        "floors": 29,
        "property_type": "商业综合体",
        "color": [
          222,
          109,
          109
        ]
      },
      "geometry": {
        "type": "Polygon",
        "coordinates": [
          [
            [
              113.9021007262581,
              22.51926631869125
            ],
            [
              113.90256766002622,
              22.5194451282441
            ],
            [
              113.90232092265562,
              22.52008944510723
            ],
            [
              113.9018539888875,
              22.519910635554382
            ]
          ]
        ]
      }
    },
    {
      "type": "Feature",
      "id": "mock_0139",
      "properties": {
        "name": "建筑139",
        "height": 108.84485404651862,
        "base_height": 0.0,
        "build_year": 2010,
        "floors": 36,
        "property_type": "住宅",
        "color": [
          91,
          151,
          201
        ]
      },
      "geometry": {
        "type": "Polygon",
        "coordinates": [
          [
            [
              113.88004338640201,
              22.541725052648385
            ],
            [
              113.88051719079786,
              22.54188476925512
            ],
            [
              113.88039054704342,
              22.54226046198232
            ],
            [
              113.87991674264757,
              22.542100745375585
            ]
          ]
        ]
      }
    },
    {
      "type": "Feature",
      "id": "mock_0140",
      "properties": {
        "name": "建筑140",
        "height": 156.7965431763573,
        "base_height": 0.0,
        "build_year": 2015,
        "floors": 52,
        "property_type": "住宅",
        "color": [
          100,
          160,
          210
        ]
      },
      "geometry": {
        "type": "Polygon",
        "coordinates": [
          [
            [
              113.90735752839623,
              22.537708523397722
            ],
            [
              113.90784774508411,
              22.537806948998696
            ],
            [
              113.90775079733311,
              22.538289805134905
            ],
            [
              113.90726058064523,
              22.53819137953393
            ]
          ]
        ]
      }
    },
    {
      "type": "Feature",
      "id": "mock_0141",
      "properties": {
        "name": "建筑141",
        "height": 42.73557702746628,
        "base_height": 0.0,
        "build_year": 2003,
        "floors": 14,
        "property_type": "商业综合体",
        "color": [
          213,
          100,
          100
        ]
      },
      "geometry": {
        "type": "Polygon",
        "coordinates": [
          [
            [
              113.9683496703616,
              22.57000938690466
            ],
            [
              113.96879764738672,
              22.570231460282095
            ],
            [
              113.9684977194715,
              22.570836489199863
            ],
            [
              113.96804974244638,
              22.570614415822426
            ]
          ]
        ]
      }
    },
    {
      "type": "Feature",
      "id": "mock_0142",
      "properties": {
        "name": "建筑142",
        "height": 33.462890088158616,
        "base_height": 0.0,
        "build_year": 2002,
        "floors": 11,
        "property_type": "写字楼",
        "color": [
          111,
          111,
          111
        ]
      },
      "geometry": {
        "type": "Polygon",
        "coordinates": [
          [
            [
              113.98781018146393,
              22.515352459733975
            ],
            [
              113.98829865338014,
              22.5154592079755
            ],
            [
              113.98818032271423,
              22.516000680193663
            ],
            [
              113.98769185079802,
              22.51589393195214
            ]
          ]
        ]
      }
    },
    {
      "type": "Feature",
      "id": "mock_0143",
      "properties": {
        "name": "建筑143",
        "height": 106.26452957922369,
        "base_height": 0.0,
        "build_year": 2010,
        "floors": 35,
        "property_type": "商业综合体",
        "color": [
          226,
          113,
          113
        ]
      },
      "geometry": {
        "type": "Polygon",
        "coordinates": [
          [
            [
              113.94414216558307,
              22.52366835567912
            ],
            [
              113.94462690285654,
              22.523790951664854
            ],
            [
              113.94448794858046,
              22.524340368650435
            ],
            [
              113.94400321130699,
              22.524217772664702
            ]
          ]
        ]
      }
    },
    {
      "type": "Feature",
      "id": "mock_0144",
      "properties": {
        "name": "建筑144",
        "height": 46.84209068850342,
        "base_height": 0.0,
        "build_year": 2002,
        "floors": 15,
        "property_type": "商住楼",
        "color": [
          156,
          121,
          228
        ]
      },
      "geometry": {
        "type": "Polygon",
        "coordinates": [
          [
            [
              114.00863659155611,
              22.52483201657527
            ],
            [
              114.009114050462,
              22.524980451723344
            ],
            [
              114.00897182372732,
              22.525437940546002
            ],
            [
              114.00849436482143,
              22.52528950539793
            ]
          ]
        ]
      }
    },
    {
      "type": "Feature",
      "id": "mock_0145",
      "properties": {
        "name": "建筑145",
        "height": 63.61801334576798,
        "base_height": 0.0,
        "build_year": 2011,
        "floors": 21,
        "property_type": "住宅",
        "color": [
          82,
          142,
          192
        ]
      },
      "geometry": {
        "type": "Polygon",
        "coordinates": [
          [
            [
              113.96224587727518,
              22.55859816198214
            ],
            [
              113.96269004739128,
              22.558827754900086
            ],
            [
              113.96244722551968,
              22.55929751773013
            ],
            [
              113.96200305540358,
              22.559067924812183
            ]
          ]
        ]
      }
    },
    {
      "type": "Feature",
      "id": "mock_0146",
      "properties": {
        "name": "建筑146",
        "height": 45.34871048000154,
        "base_height": 0.0,
        "build_year": 2000,
        "floors": 15,
        "property_type": "住宅",
        "color": [
          79,
          139,
          189
        ]
      },
      "geometry": {
        "type": "Polygon",
        "coordinates": [
          [
            [
              113.9813281063246,
              22.573557816331263
            ],
            [
              113.98177762061538,
              22.573776761306956
            ],
            [
              113.9814521651498,
              22.574444951487262
            ],
            [
              113.98100265085903,
              22.57422600651157
            ]
          ]
        ]
      }
    },
    {
      "type": "Feature",
      "id": "mock_0147",
      "properties": {
        "name": "建筑147",
        "height": 31.249245376454827,
        "base_height": 0.0,
        "build_year": 2007,
        "floors": 10,
        "property_type": "商住楼",
        "color": [
          153,
          118,
          225
        ]
      },
      "geometry": {
        "type": "Polygon",
        "coordinates": [
          [
            [
              113.93615253737866,
              22.572504840237947
            ],
            [
              113.93661408348918,
              22.572697129571683
            ],
            [
              113.93647394537868,
              22.573033498722126
            ],
            [
              113.93601239926817,
              22.57284120938839
            ]
          ]
        ]
      }
    },
    {
      "type": "Feature",
      "id": "mock_0148",
      "properties": {
        "name": "建筑148",
        "height": 57.034458643498226,
        "base_height": 0.0,
        "build_year": 2001,
        "floors": 19,
        "property_type": "住宅",
        "color": [
          81,
          141,
          191
        ]
      },
      "geometry": {
        "type": "Polygon",
        "coordinates": [
          [
            [
              113.90533329544819,
              22.58459398323929
            ],
            [
              113.90582975714088,
              22.58465336158293
            ],
            [
              113.90579108060352,
              22.584976735695815
            ],
            [
              113.90529461891083,
              22.584917357352175
            ]
          ]
        ]
      }
    },
    {
      "type": "Feature",
      "id": "mock_0149",
      "properties": {
        "name": "建筑149",
        "height": 85.97805802907594,
        "base_height": 0.0,
        "build_year": 2010,
        "floors": 28,
        "property_type": "商住楼",
        "color": [
          164,
          129,
          236
        ]
      },
      "geometry": {
        "type": "Polygon",
        "coordinates": [
          [
            [
              113.9190028867003,
              22.499374385629572
            ],
            [
              113.91943883151141,
              22.4996192368531
            ],
            [
              113.91913003448934,
              22.50016903381765
            ],
            [
              113.91869408967823,
              22.49992418259412
            ]
          ]
        ]
      }
    },
    {
      "type": "Feature",
      "id": "mock_0150",
      "properties": {
        "name": "建筑150",
        "height": 69.13456857436368,
        "base_height": 0.0,
        "build_year": 2008,
        "floors": 23,
        "property_type": "商住楼",
        "color": [
          160,
          125,
          232
        ]
      },
      "geometry": {
        "type": "Polygon",
        "coordinates": [
          [
            [
              113.85947105792795,
              22.500501430499146
            ],
            [
              113.85997025676467,
              22.500529723986237
            ],
            [
              113.85992974776906,
              22.501244448311926
            ],
            [
              113.85943054893234,
              22.501216154824835
            ]
          ]
        ]
      }
    },
    {
      "type": "Feature",
      "id": "mock_0151",
      "properties": {
        "name": "建筑151",
        "height": 73.14169774836455,
        "base_height": 0.0,
        "build_year": 2010,
        "floors": 24,
        "property_type": "住宅",
        "color": [
          84,
          144,
          194
        ]
      },
      "geometry": {
        "type": "Polygon",
        "coordinates": [
          [
            [
              113.94218409670866,
              22.51833462000317
            ],
            [
              113.94265660872347,
              22.518498120449223
            ],
            [
              113.94243383157819,
              22.519141940575143
            ],
            [
              113.94196131956338,
              22.51897844012909
            ]
          ]
        ]
      }
    },
    {
      "type": "Feature",
      "id": "mock_0152",
      "properties": {
        "name": "建筑152",
        "height": 48.55342475523313,
        "base_height": 0.0,
        "build_year": 2003,
        "floors": 16,
        "property_type": "住宅",
        "color": [
          79,
          139,
          189
        ]
      },
      "geometry": {
        "type": "Polygon",
        "coordinates": [
          [
            [
              113.88106843391937,
              22.53912624384129
            ],
            [
              113.88152623006008,
              22.53932729779812
            ],
            [
              113.88126821949363,
              22.53991478308537
            ],
            [
              113.88081042335293,
              22.53971372912854
            ]
          ]
        ]
      }
    },
    {
      "type": "Feature",
      "id": "mock_0153",
      "properties": {
        "name": "建筑153",
        "height": 57.28767304317375,
        "base_height": 0.0,
        "build_year": 2007,
        "floors": 19,
        "property_type": "住宅",
        "color": [
          81,
          141,
          191
        ]
      },
      "geometry": {
        "type": "Polygon",
        "coordinates": [
          [
            [
              113.95194905591177,
              22.54298743005623
            ],
            [
              113.95238257764142,
              22.543236546314056
            ],
            [
              113.95209183647347,
              22.543742505319344
            ],
            [
              113.95165831474382,
              22.543493389061517
            ]
          ]
        ]
      }
    },
    {
      "type": "Feature",
      "id": "mock_0154",
      "properties": {
        "name": "建筑154",
        "height": 42.095263191254546,
        "base_height": 0.0,
        "build_year": 2000,
        "floors": 14,
        "property_type": "公寓",
        "color": [
          108,
          157,
          245
        ]
      },
      "geometry": {
        "type": "Polygon",
        "coordinates": [
          [
            [
              114.00275777152167,
              22.59760266473978
            ],
            [
              114.00321168399708,
              22.59781233940366
            ],
            [
              114.00304842133575,
              22.59816577723621
            ],
            [
              114.00259450886034,
              22.597956102572333
            ]
          ]
        ]
      }
    },
    {
      "type": "Feature",
      "id": "mock_0155",
      "properties": {
        "name": "建筑155",
        "height": 48.09926601029529,
        "base_height": 0.0,
        "build_year": 2006,
        "floors": 16,
        "property_type": "公寓",
        "color": [
          109,
          158,
          246
        ]
      },
      "geometry": {
        "type": "Polygon",
        "coordinates": [
          [
            [
              113.93466770059064,
              22.587246074669725
            ],
            [
              113.93514767881679,
              22.58738614930132
            ],
            [
              113.93502349832875,
              22.587811664826116
            ],
            [
              113.9345435201026,
              22.58767159019452
            ]
          ]
        ]
      }
    },
    {
      "type": "Feature",
      "id": "mock_0156",
      "properties": {
        "name": "建筑156",
        "height": 60.35688976852167,
        "base_height": 0.0,
        "build_year": 2006,
        "floors": 20,
        "property_type": "商住楼",
        "color": [
          159,
          124,
          231
        ]
      },
      "geometry": {
        "type": "Polygon",
        "coordinates": [
          [
            [
              114.00632405331983,
              22.578661824898088
            ],
            [
              114.00676890017068,
              22.578890103848675
            ],
            [
              114.00659334857592,
              22.57923220097982
            ],
            [
              114.00614850172506,
              22.579003922029234
            ]
          ]
        ]
      }
    },
    {
      "type": "Feature",
      "id": "mock_0157",
      "properties": {
        "name": "建筑157",
        "height": 49.8007282244148,
        "base_height": 0.0,
        "build_year": 2000,
        "floors": 16,
        "property_type": "商业综合体",
        "color": [
          214,
          101,
          101
        ]
      },
      "geometry": {
        "type": "Polygon",
        "coordinates": [
          [
            [
              113.85470519114546,
              22.5626534434795
            ],
            [
              113.85517038549334,
              22.56283673073686
            ],
            [
              113.85489677058635,
              22.563531182222793
            ],
            [
              113.85443157623847,
              22.563347894965435
            ]
          ]
        ]
      }
    },
    {
      "type": "Feature",
      "id": "mock_0158",
      "properties": {
        "name": "建筑158",
        "height": 81.81113137101406,
        "base_height": 0.0,
        "build_year": 2007,
        "floors": 27,
        "property_type": "公寓",
        "color": [
          116,
          165,
          253
        ]
      },
      "geometry": {
        "type": "Polygon",
        "coordinates": [
          [
            [
              113.99822973456534,
              22.55012439759589
            ],
            [
              113.99868752625729,
              22.550325461682142
            ],
            [
              113.99850537901588,
              22.550740182656828
            ],
            [
              113.99804758732394,
              22.550539118570576
            ]
          ]
        ]
      }
    },
    {
      "type": "Feature",
      "id": "mock_0159",
      "properties": {
        "name": "建筑159",
        "height": 34.02037757302082,
        "base_height": 0.0,
        "build_year": 2000,
        "floors": 11,
        "property_type": "商住楼",
        "color": [
          153,
          118,
          225
        ]
      },
      "geometry": {
        "type": "Polygon",
        "coordinates": [
          [
            [
              113.99494776507198,
              22.593189413155468
            ],
            [
              113.99543666557157,
              22.593294181001202
            ],
            [
              113.99532161461754,
              22.593831067757993
            ],
            [
              113.99483271411795,
              22.59372629991226
            ]
          ]
        ]
      }
    },
    {
      "type": "Feature",
      "id": "mock_0160",
      "properties": {
        "name": "建筑160",
        "height": 46.16529079668442,
        "base_height": 0.0,
        "build_year": 2012,
        "floors": 15,
        "property_type": "商住楼",
        "color": [
          156,
          121,
          228
        ]
      },
      "geometry": {
        "type": "Polygon",
        "coordinates": [
          [
            [
              113.92696426406472,
              22.538464526637352
            ],
            [
              113.92739748080072,
              22.53871417290639
            ],
            [
              113.92717265308353,
              22.53910432145609
            ],
            [
              113.92673943634753,
              22.538854675187054
            ]
          ]
        ]
      }
    },
    {
      "type": "Feature",
      "id": "mock_0161",
      "properties": {
        "name": "建筑161",
        "height": 52.4278517597491,
        "base_height": 0.0,
        "build_year": 2004,
        "floors": 17,
        "property_type": "公寓",
        "color": [
          110,
          159,
          247
        ]
      },
      "geometry": {
        "type": "Polygon",
        "coordinates": [
          [
            [
              113.9648990910144,
              22.574781319469185
            ],
            [
              113.96537117450036,
              22.574946053139936
            ],
            [
              113.96516307889631,
              22.575542400551644
            ],
            [
              113.96469099541035,
              22.575377666880893
            ]
          ]
        ]
      }
    },
    {
      "type": "Feature",
      "id": "mock_0162",
      "properties": {
        "name": "建筑162",
        "height": 49.57465589818257,
        "base_height": 0.0,
        "build_year": 2009,
        "floors": 16,
        "property_type": "写字楼",
        "color": [
          114,
          114,
          114
        ]
      },
      "geometry": {
        "type": "Polygon",
        "coordinates": [
          [
            [
              113.87369989949008,
              22.50729854955811
            ],
            [
              113.87417406202246,
              22.507457199779935
            ],
            [
              113.87395564368649,
              22.508109993013445
            ],
            [
              113.8734814811541,
              22.50795134279162
            ]
          ]
        ]
      }
    },
    {
      "type": "Feature",
      "id": "mock_0163",
      "properties": {
        "name": "建筑163",
        "height": 88.1720130231402,
        "base_height": 0.0,
        "build_year": 2010,
        "floors": 29,
        "property_type": "写字楼",
        "color": [
          122,
          122,
          122
        ]
      },
      "geometry": {
        "type": "Polygon",
        "coordinates": [
          [
            [
              113.87841968818506,
              22.53893234075866
            ],
            [
              113.87889760157091,
              22.539079306045803
            ],
            [
              113.87873826297698,
              22.539597455932803
            ],
            [
              113.87826034959113,
              22.53945049064566
            ]
          ]
        ]
      }
    },
    {
      "type": "Feature",
      "id": "mock_0164",
      "properties": {
        "name": "建筑164",
        "height": 54.193625760757904,
        "base_height": 0.0,
        "build_year": 2005,
        "floors": 18,
        "property_type": "公寓",
        "color": [
          110,
          159,
          247
        ]
      },
      "geometry": {
        "type": "Polygon",
        "coordinates": [
          [
            [
              113.92514877906213,
              22.50346899721133
            ],
            [
              113.9255975467714,
              22.503689468395656
            ],
            [
              113.92538486385301,
              22.504122383138593
            ],
            [
              113.92493609614374,
              22.503901911954266
            ]
          ]
        ]
      }
    },
    {
      "type": "Feature",
      "id": "mock_0165",
      "properties": {
        "name": "建筑165",
        "height": 31.88419715483817,
        "base_height": 0.0,
        "build_year": 2000,
        "floors": 10,
        "property_type": "公寓",
        "color": [
          106,
          155,
          243
        ]
      },
      "geometry": {
        "type": "Polygon",
        "coordinates": [
          [
            [
              113.99687960756246,
              22.503642524094406
            ],
            [
              113.99737812048454,
              22.50368105806019
            ],
            [
              113.99733940186685,
              22.504181959819324
            ],
            [
              113.99684088894477,
              22.504143425853538
            ]
          ]
        ]
      }
    },
    {
      "type": "Feature",
      "id": "mock_0166",
      "properties": {
        "name": "建筑166",
        "height": 81.29119503149703,
        "base_height": 0.0,
        "build_year": 2015,
        "floors": 27,
        "property_type": "商业综合体",
        "color": [
          221,
          108,
          108
        ]
      },
      "geometry": {
        "type": "Polygon",
        "coordinates": [
          [
            [
              113.93184665845068,
              22.573915696927713
            ],
            [
              113.93228944294651,
              22.574147950862557
            ],
            [
              113.93194615297931,
              22.574802421905886
            ],
            [
              113.93150336848348,
              22.574570167971043
            ]
          ]
        ]
      }
    },
    {
      "type": "Feature",
      "id": "mock_0167",
      "properties": {
        "name": "建筑167",
        "height": 126.73707304184988,
        "base_height": 0.0,
        "build_year": 2015,
        "floors": 42,
        "property_type": "商住楼",
        "color": [
          172,
          137,
          244
        ]
      },
      "geometry": {
        "type": "Polygon",
        "coordinates": [
          [
            [
              113.92466891860681,
              22.542389807467597
            ],
            [
              113.92516697344652,
              22.54243386852336
            ],
            [
              113.92511062070562,
              22.543070865409863
            ],
            [
              113.92461256586591,
              22.5430268043541
            ]
          ]
        ]
      }
    },
    {
      "type": "Feature",
      "id": "mock_0168",
      "properties": {
        "name": "建筑168",
        "height": 34.67673520027187,
        "base_height": 0.0,
        "build_year": 2006,
        "floors": 11,
        "property_type": "商住楼",
        "color": [
          153,
          118,
          225
        ]
      },
      "geometry": {
        "type": "Polygon",
        "coordinates": [
          [
            [
              113.9532503512844,
              22.566997597852254
            ],
            [
              113.95374601439426,
              22.56706330996319
            ],
            [
              113.95369781152237,
              22.567426901773654
            ],
            [
              113.95320214841252,
              22.56736118966272
            ]
          ]
        ]
      }
    },
    {
      "type": "Feature",
      "id": "mock_0169",
      "properties": {
        "name": "建筑169",
        "height": 21.413204290690594,
        "base_height": 0.0,
        "build_year": 2002,
        "floors": 7,
        "property_type": "商业综合体",
        "color": [
          209,
          96,
          96
        ]
      },
      "geometry": {
        "type": "Polygon",
        "coordinates": [
          [
            [
              113.97113850294988,
              22.582479888717597
            ],
            [
              113.97163712263966,
              22.582517015594078
            ],
            [
              113.9715836919209,
              22.583234598405834
            ],
            [
              113.97108507223112,
              22.583197471529353
            ]
          ]
        ]
      }
    },
    {
      "type": "Feature",
      "id": "mock_0170",
      "properties": {
        "name": "建筑170",
        "height": 60.77644829582616,
        "base_height": 0.0,
        "build_year": 2006,
        "floors": 20,
        "property_type": "商业综合体",
        "color": [
          217,
          104,
          104
        ]
      },
      "geometry": {
        "type": "Polygon",
        "coordinates": [
          [
            [
              113.90425228375389,
              22.588177018172367
            ],
            [
              113.90474702995756,
              22.588249310592122
            ],
            [
              113.90469458322119,
              22.588608239284902
            ],
            [
              113.90419983701752,
              22.588535946865147
            ]
          ]
        ]
      }
    },
    {
      "type": "Feature",
      "id": "mock_0171",
      "properties": {
        "name": "建筑171",
        "height": 36.79119311664086,
        "base_height": 0.0,
        "build_year": 2007,
        "floors": 12,
        "property_type": "写字楼",
        "color": [
          112,
          112,
          112
        ]
      },
      "geometry": {
        "type": "Polygon",
        "coordinates": [
          [
            [
              113.89090378446187,
              22.554217066696598
            ],
            [
              113.89140368719802,
              22.55422692846037
            ],
            [
              113.8913977088439,
              22.554529977251253
            ],
            [
              113.89089780610774,
              22.55452011548748
            ]
          ]
        ]
      }
    },
    {
      "type": "Feature",
      "id": "mock_0172",
      "properties": {
        "name": "建筑172",
        "height": 39.93841714037967,
        "base_height": 0.0,
        "build_year": 2007,
        "floors": 13,
        "property_type": "商住楼",
        "color": [
          154,
          119,
          226
        ]
      },
      "geometry": {
        "type": "Polygon",
        "coordinates": [
          [
            [
              113.87549219870901,
              22.570506275446103
            ],
            [
              113.87594448551805,
              22.57071943417188
            ],
            [
              113.87567598440005,
              22.571289148188693
            ],
            [
              113.87522369759101,
              22.571075989462916
            ]
          ]
        ]
      }
    },
    {
      "type": "Feature",
      "id": "mock_0173",
      "properties": {
        "name": "建筑173",
        "height": 27.566534347857196,
        "base_height": 0.0,
        "build_year": 2000,
        "floors": 9,
        "property_type": "写字楼",
        "color": [
          110,
          110,
          110
        ]
      },
      "geometry": {
        "type": "Polygon",
        "coordinates": [
          [
            [
              113.97277268542244,
              22.53157145726624
            ],
            [
              113.97325798577225,
              22.531691804972798
            ],
            [
              113.97309929749208,
              22.532331713119603
            ],
            [
              113.97261399714228,
              22.532211365413044
            ]
          ]
        ]
      }
    },
    {
      "type": "Feature",
      "id": "mock_0174",
      "properties": {
        "name": "建筑174",
        "height": 31.637372485183235,
        "base_height": 0.0,
        "build_year": 2004,
        "floors": 10,
        "property_type": "公寓",
        "color": [
          106,
          155,
          243
        ]
      },
      "geometry": {
        "type": "Polygon",
        "coordinates": [
          [
            [
              113.96407738052743,
              22.50717907272441
            ],
            [
              113.96455233199407,
              22.50733534525663
            ],
            [
              113.96438250412767,
              22.507851494787705
            ],
            [
              113.96390755266103,
              22.50769522225548
            ]
          ]
        ]
      }
    },
    {
      "type": "Feature",
      "id": "mock_0175",
      "properties": {
        "name": "建筑175",
        "height": 52.401038466980346,
        "base_height": 0.0,
        "build_year": 2004,
        "floors": 17,
        "property_type": "公寓",
        "color": [
          110,
          159,
          247
        ]
      },
      "geometry": {
        "type": "Polygon",
        "coordinates": [
          [
            [
              113.96098469696777,
              22.595986520062187
            ],
            [
              113.96142447048886,
              22.596224426031313
            ],
            [
              113.96110676489523,
              22.5968117106131
            ],
            [
              113.96066699137414,
              22.596573804643974
            ]
          ]
        ]
      }
    },
    {
      "type": "Feature",
      "id": "mock_0176",
      "properties": {
        "name": "建筑176",
        "height": 90.1339784348912,
        "base_height": 0.0,
        "build_year": 2010,
        "floors": 30,
        "property_type": "住宅",
        "color": [
          88,
          148,
          198
        ]
      },
      "geometry": {
        "type": "Polygon",
        "coordinates": [
          [
            [
              113.9973851101327,
              22.514211195090713
            ],
            [
              113.99787817858915,
              22.514294161935066
            ],
            [
              113.99782624817222,
              22.514602782212503
            ],
            [
              113.99733317971577,
              22.51451981536815
            ]
          ]
        ]
      }
    },
    {
      "type": "Feature",
      "id": "mock_0177",
      "properties": {
        "name": "建筑177",
        "height": 55.06568250846377,
        "base_height": 0.0,
        "build_year": 2002,
        "floors": 18,
        "property_type": "公寓",
        "color": [
          111,
          160,
          248
        ]
      },
      "geometry": {
        "type": "Polygon",
        "coordinates": [
          [
            [
              114.00625725169387,
              22.57612637970289
            ],
            [
              114.00675557742119,
              22.57616726331205
            ],
            [
              114.00671330454621,
              22.576682522644575
            ],
            [
              114.00621497881889,
              22.576641639035415
            ]
          ]
        ]
      }
    },
    {
      "type": "Feature",
      "id": "mock_0178",
      "properties": {
        "name": "建筑178",
        "height": 54.804950053590574,
        "base_height": 0.0,
        "build_year": 2003,
        "floors": 18,
        "property_type": "住宅",
        "color": [
          80,
          140,
          190
        ]
      },
      "geometry": {
        "type": "Polygon",
        "coordinates": [
          [
            [
              114.00662247524254,
              22.572574437405457
            ],
            [
              114.00708274527653,
              22.572769761484363
            ],
            [
              114.00686079695429,
              22.57329277002688
            ],
            [
              114.00640052692029,
              22.573097445947976
            ]
          ]
        ]
      }
    },
    {
      "type": "Feature",
      "id": "mock_0179",
      "properties": {
        "name": "建筑179",
        "height": 87.00863435845568,
        "base_height": 0.0,
        "build_year": 2005,
        "floors": 29,
        "property_type": "住宅",
        "color": [
          87,
          147,
          197
        ]
      },
      "geometry": {
        "type": "Polygon",
        "coordinates": [
          [
            [
              113.91864265824434,
              22.521051459959082
            ],
            [
              113.91911829633679,
              22.52120563001131
            ],
            [
              113.91900063037674,
              22.52156864741955
            ],
            [
              113.91852499228429,
              22.521414477367323
            ]
          ]
        ]
      }
    },
    {
      "type": "Feature",
      "id": "mock_0180",
      "properties": {
        "name": "建筑180",
        "height": 70.97228040022155,
        "base_height": 0.0,
        "build_year": 2010,
        "floors": 23,
        "property_type": "商业综合体",
        "color": [
          219,
          106,
          106
        ]
      },
      "geometry": {
        "type": "Polygon",
        "coordinates": [
          [
            [
              113.98858702253632,
              22.587040759487
            ],
            [
              113.9890359168601,
              22.58726097276109
            ],
            [
              113.98888913821513,
              22.587560174073328
            ],
            [
              113.98844024389135,
              22.587339960799238
            ]
          ]
        ]
      }
    },
    {
      "type": "Feature",
      "id": "mock_0181",
      "properties": {
        "name": "建筑181",
        "height": 106.90300031331462,
        "base_height": 0.0,
        "build_year": 2014,
        "floors": 35,
        "property_type": "住宅",
        "color": [
          91,
          151,
          201
        ]
      },
      "geometry": {
        "type": "Polygon",
        "coordinates": [
          [
            [
              113.92591541263755,
              22.505653260309398
            ],
            [
              113.926375577578,
              22.505848831850248
            ],
            [
              113.92617696393796,
              22.50631615461837
            ],
            [
              113.92571679899751,
              22.50612058307752
            ]
          ]
        ]
      }
    },
    {
      "type": "Feature",
      "id": "mock_0182",
      "properties": {
        "name": "建筑182",
        "height": 49.24815191067742,
        "base_height": 0.0,
        "build_year": 2007,
        "floors": 16,
        "property_type": "公寓",
        "color": [
          109,
          158,
          246
        ]
      },
      "geometry": {
        "type": "Polygon",
        "coordinates": [
          [
            [
              113.91601276529785,
              22.573227425721733
            ],
            [
              113.91645464875702,
              22.573461389412312
            ],
            [
              113.91629587330094,
              22.573761266062363
            ],
            [
              113.91585398984176,
              22.573527302371783
            ]
          ]
        ]
      }
    },
    {
      "type": "Feature",
      "id": "mock_0183",
      "properties": {
        "name": "建筑183",
        "height": 85.53100567236041,
        "base_height": 0.0,
        "build_year": 2005,
        "floors": 28,
        "property_type": "住宅",
        "color": [
          87,
          147,
          197
        ]
      },
      "geometry": {
        "type": "Polygon",
        "coordinates": [
          [
            [
              113.91964460030728,
              22.591573078675953
            ],
            [
              113.92012393434051,
              22.591715342109737
            ],
            [
              113.91995083265864,
              22.59229858071942
            ],
            [
              113.91947149862541,
              22.592156317285635
            ]
          ]
        ]
      }
    },
    {
      "type": "Feature",
      "id": "mock_0184",
      "properties": {
        "name": "建筑184",
        "height": 28.681170278646974,
        "base_height": 0.0,
        "build_year": 2001,
        "floors": 9,
        "property_type": "商业综合体",
        "color": [
          210,
          97,
          97
        ]
      },
      "geometry": {
        "type": "Polygon",
        "coordinates": [
          [
            [
              113.99811020743454,
              22.50475191809583
            ],
            [
              113.99859871680106,
              22.504858494823214
            ],
            [
              113.99846345801822,
              22.505478472410683
            ],
            [
              113.9979749486517,
              22.5053718956833
            ]
          ]
        ]
      }
    },
    {
      "type": "Feature",
      "id": "mock_0185",
      "properties": {
        "name": "建筑185",
        "height": 42.86506200466519,
        "base_height": 0.0,
        "build_year": 2004,
        "floors": 14,
        "property_type": "商业综合体",
        "color": [
          213,
          100,
          100
        ]
      },
      "geometry": {
        "type": "Polygon",
        "coordinates": [
          [
            [
              113.8787107391349,
              22.57719414655926
            ],
            [
              113.87918954622474,
              22.57733817353842
            ],
            [
              113.87909039775283,
              22.577667785334558
            ],
            [
              113.878611590663,
              22.5775237583554
            ]
          ]
        ]
      }
    },
    {
      "type": "Feature",
      "id": "mock_0186",
      "properties": {
        "name": "建筑186",
        "height": 25.152305294094827,
        "base_height": 0.0,
        "build_year": 2004,
        "floors": 8,
        "property_type": "商住楼",
        "color": [
          152,
          117,
          224
        ]
      },
      "geometry": {
        "type": "Polygon",
        "coordinates": [
          [
            [
              113.88110782025764,
              22.557152263395032
            ],
            [
              113.88160775553249,
              22.557160308329163
            ],
            [
              113.88159784309896,
              22.557776295371667
            ],
            [
              113.88109790782411,
              22.557768250437537
            ]
          ]
        ]
      }
    },
    {
      "type": "Feature",
      "id": "mock_0187",
      "properties": {
        "name": "建筑187",
        "height": 69.42886796993476,
        "base_height": 0.0,
        "build_year": 2005,
        "floors": 23,
        "property_type": "商住楼",
        "color": [
          160,
          125,
          232
        ]
      },
      "geometry": {
        "type": "Polygon",
        "coordinates": [
          [
            [
              113.91104908001006,
              22.484477242579235
            ],
            [
              113.91149516913457,
              22.484703084322486
            ],
            [
              113.91120115705306,
              22.485283825465157
            ],
            [
              113.91075506792855,
              22.485057983721905
            ]
          ]
        ]
      }
    },
    {
      "type": "Feature",
      "id": "mock_0188",
      "properties": {
        "name": "建筑188",
        "height": 25.420122462537368,
        "base_height": 0.0,
        "build_year": 2000,
        "floors": 8,
        "property_type": "商业综合体",
        "color": [
          210,
          97,
          97
        ]
      },
      "geometry": {
        "type": "Polygon",
        "coordinates": [
          [
            [
              113.96307167662479,
              22.572642690632815
            ],
            [
              113.96357167613358,
              22.57264339150322
            ],
            [
              113.96357071634714,
              22.573328101184625
            ],
            [
              113.96307071683835,
              22.57332740031422
            ]
          ]
        ]
      }
    },
    {
      "type": "Feature",
      "id": "mock_0189",
      "properties": {
        "name": "建筑189",
        "height": 52.7837228747648,
        "base_height": 0.0,
        "build_year": 2000,
        "floors": 17,
        "property_type": "公寓",
        "color": [
          110,
          159,
          247
        ]
      },
      "geometry": {
        "type": "Polygon",
        "coordinates": [
          [
            [
              113.98712633342939,
              22.573067528879044
            ],
            [
              113.98762560128553,
              22.57309457712882
            ],
            [
              113.98759620273847,
              22.573637227750673
            ],
            [
              113.98709693488233,
              22.573610179500896
            ]
          ]
        ]
      }
    },
    {
      "type": "Feature",
      "id": "mock_0190",
      "properties": {
        "name": "建筑190",
        "height": 75.31881928526512,
        "base_height": 0.0,
        "build_year": 2017,
        "floors": 25,
        "property_type": "商住楼",
        "color": [
          162,
          127,
          234
        ]
      },
      "geometry": {
        "type": "Polygon",
        "coordinates": [
          [
            [
              113.93440125635986,
              22.558990080625033
            ],
            [
              113.93484101930491,
              22.559228006143144
            ],
            [
              113.93457423827853,
              22.559721103355994
            ],
            [
              113.93413447533348,
              22.559483177837883
            ]
          ]
        ]
      }
    },
    {
      "type": "Feature",
      "id": "mock_0191",
      "properties": {
        "name": "建筑191",
        "height": 27.27176733467481,
        "base_height": 0.0,
        "build_year": 2003,
        "floors": 9,
        "property_type": "住宅",
        "color": [
          75,
          135,
          185
        ]
      },
      "geometry": {
        "type": "Polygon",
        "coordinates": [
          [
            [
              113.99674242185343,
              22.585451236707907
            ],
            [
              113.99724189781001,
              22.58547412270328
            ],
            [
              113.9972104307753,
              22.586160875759358
            ],
            [
              113.99671095481871,
              22.586137989763987
            ]
          ]
        ]
      }
    },
    {
      "type": "Feature",
      "id": "mock_0192",
      "properties": {
        "name": "建筑192",
        "height": 31.782723619554112,
        "base_height": 0.0,
        "build_year": 2009,
        "floors": 10,
        "property_type": "写字楼",
        "color": [
          111,
          111,
          111
        ]
      },
      "geometry": {
        "type": "Polygon",
        "coordinates": [
          [
            [
              113.96016797474464,
              22.50923678816202
            ],
            [
              113.9606247641723,
              22.509440118973224
            ],
            [
              113.96038244528249,
              22.50998449641571
            ],
            [
              113.95992565585483,
              22.509781165604508
            ]
          ]
        ]
      }
    },
    {
      "type": "Feature",
      "id": "mock_0193",
      "properties": {
        "name": "建筑193",
        "height": 40.80040644437241,
        "base_height": 0.0,
        "build_year": 2007,
        "floors": 13,
        "property_type": "住宅",
        "color": [
          78,
          138,
          188
        ]
      },
      "geometry": {
        "type": "Polygon",
        "coordinates": [
          [
            [
              113.94885719143683,
              22.524111355578107
            ],
            [
              113.94935246705565,
              22.52417992715685
            ],
            [
              113.94930300667873,
              22.52453716727338
            ],
            [
              113.94880773105992,
              22.524468595694636
            ]
          ]
        ]
      }
    },
    {
      "type": "Feature",
      "id": "mock_0194",
      "properties": {
        "name": "建筑194",
        "height": 60.70850367643585,
        "base_height": 0.0,
        "build_year": 2010,
        "floors": 20,
        "property_type": "公寓",
        "color": [
          112,
          161,
          249
        ]
      },
      "geometry": {
        "type": "Polygon",
        "coordinates": [
          [
            [
              113.8742188517146,
              22.543640641854964
            ],
            [
              113.87466736591252,
              22.54386162831218
            ],
            [
              113.87451210342078,
              22.54417674912468
            ],
            [
              113.87406358922287,
              22.543955762667466
            ]
          ]
        ]
      }
    },
    {
      "type": "Feature",
      "id": "mock_0195",
      "properties": {
        "name": "建筑195",
        "height": 49.201230837719365,
        "base_height": 0.0,
        "build_year": 2006,
        "floors": 16,
        "property_type": "商住楼",
        "color": [
          156,
          121,
          228
        ]
      },
      "geometry": {
        "type": "Polygon",
        "coordinates": [
          [
            [
              113.9761855246156,
              22.559482600119054
            ],
            [
              113.97665561961486,
              22.559652925371672
            ],
            [
              113.97641238050431,
              22.560324261463855
            ],
            [
              113.97594228550506,
              22.560153936211236
            ]
          ]
        ]
      }
    },
    {
      "type": "Feature",
      "id": "mock_0196",
      "properties": {
        "name": "建筑196",
        "height": 33.88936304361932,
        "base_height": 0.0,
        "build_year": 2008,
        "floors": 11,
        "property_type": "住宅",
        "color": [
          76,
          136,
          186
        ]
      },
      "geometry": {
        "type": "Polygon",
        "coordinates": [
          [
            [
              113.93217786284018,
              22.495664739029586
            ],
            [
              113.93266968381627,
              22.495754806379274
            ],
            [
              113.93255956467402,
              22.496356121997138
            ],
            [
              113.93206774369793,
              22.49626605464745
            ]
          ]
        ]
      }
    },
    {
      "type": "Feature",
      "id": "mock_0197",
      "properties": {
        "name": "建筑197",
        "height": 34.32232539755444,
        "base_height": 0.0,
        "build_year": 2002,
        "floors": 11,
        "property_type": "写字楼",
        "color": [
          111,
          111,
          111
        ]
      },
      "geometry": {
        "type": "Polygon",
        "coordinates": [
          [
            [
              113.87595173827643,
              22.58696647119198
            ],
            [
              113.87642731034123,
              22.58712084480109
            ],
            [
              113.87622719687346,
              22.587737325659514
            ],
            [
              113.87575162480866,
              22.587582952050408
            ]
          ]
        ]
      }
    },
    {
      "type": "Feature",
      "id": "mock_0198",
      "properties": {
        "name": "建筑198",
        "height": 40.158872166841185,
        "base_height": 0.0,
        "build_year": 2002,
        "floors": 13,
        "property_type": "商业综合体",
        "color": [
          213,
          100,
          100
        ]
      },
      "geometry": {
        "type": "Polygon",
        "coordinates": [
          [
            [
              113.95417026160689,
              22.586549303873493
            ],
            [
              113.95463240749726,
              22.58674014720196
            ],
            [
              113.95450026900477,
              22.587060133558044
            ],
            [
              113.9540381231144,
              22.586869290229576
            ]
          ]
        ]
      }
    },
    {
      "type": "Feature",
      "id": "mock_0199",
      "properties": {
        "name": "建筑199",
        "height": 33.81051906030289,
        "base_height": 0.0,
        "build_year": 2009,
        "floors": 11,
        "property_type": "商住楼",
        "color": [
          153,
          118,
          225
        ]
      },
      "geometry": {
        "type": "Polygon",
        "coordinates": [
          [
            [
              113.91649254749791,
              22.51750947939583
            ],
            [
              113.91694991693008,
              22.517711502173043
            ],
            [
              113.9166907437812,
              22.518298257179456
            ],
            [
              113.91623337434903,
              22.518096234402243
            ]
          ]
        ]
      }
    },
    {
      "type": "Feature",
      "id": "mock_0200",
      "properties": {
        "name": "建筑200",
        "height": 58.15178586710931,
        "base_height": 0.0,
        "build_year": 2001,
        "floors": 19,
        "property_type": "公寓",
        "color": [
          111,
          160,
          248
        ]
      },
      "geometry": {
        "type": "Polygon",
        "coordinates": [
          [
            [
              113.86025513085977,
              22.48174339042968
            ],
            [
              113.86074102278344,
              22.48186132701646
            ],
            [
              113.86066491927136,
              22.48217486908933
            ],
            [
              113.86017902734768,
              22.48205693250255
            ]
          ]
        ]
      }
    },
    {
      "type": "Feature",
      "id": "mock_0201",
      "properties": {
        "name": "建筑201",
        "height": 49.02910123564031,
        "base_height": 0.0,
        "build_year": 2001,
        "floors": 16,
        "property_type": "写字楼",
        "color": [
          114,
          114,
          114
        ]
      },
      "geometry": {
        "type": "Polygon",
        "coordinates": [
          [
            [
              113.9831464207559,
              22.523420890828213
            ],
            [
              113.98364621828823,
              22.523435118500885
            ],
            [
              113.98363687686285,
              22.52376326924349
            ],
            [
              113.98313707933052,
              22.523749041570817
            ]
          ]
        ]
      }
    },
    {
      "type": "Feature",
      "id": "mock_0202",
      "properties": {
        "name": "建筑202",
        "height": 43.96202542525297,
        "base_height": 0.0,
        "build_year": 2006,
        "floors": 14,
        "property_type": "商业综合体",
        "color": [
          213,
          100,
          100
        ]
      },
      "geometry": {
        "type": "Polygon",
        "coordinates": [
          [
            [
              113.90269432903943,
              22.4891413401249
            ],
            [
              113.9031938567498,
              22.489163067218254
            ],
            [
              113.90317182401179,
              22.489669622006343
            ],
            [
              113.90267229630143,
              22.489647894912988
            ]
          ]
        ]
      }
    },
    {
      "type": "Feature",
      "id": "mock_0203",
      "properties": {
        "name": "建筑203",
        "height": 21.266816861739652,
        "base_height": 0.0,
        "build_year": 2002,
        "floors": 7,
        "property_type": "商住楼",
        "color": [
          151,
          116,
          223
        ]
      },
      "geometry": {
        "type": "Polygon",
        "coordinates": [
          [
            [
              114.00180593100947,
              22.497673098106667
            ],
            [
              114.00224882398234,
              22.497905145116096
            ],
            [
              114.00190089336095,
              22.498569217571223
            ],
            [
              114.00145800038808,
              22.498337170561793
            ]
          ]
        ]
      }
    },
    {
      "type": "Feature",
      "id": "mock_0204",
      "properties": {
        "name": "建筑204",
        "height": 52.082897610523844,
        "base_height": 0.0,
        "build_year": 2010,
        "floors": 17,
        "property_type": "公寓",
        "color": [
          110,
          159,
          247
        ]
      },
      "geometry": {
        "type": "Polygon",
        "coordinates": [
          [
            [
              113.97426651097999,
              22.539907730653663
            ],
            [
              113.97474497482304,
              22.540052893840752
            ],
            [
              113.9745286757803,
              22.540765824393656
            ],
            [
              113.97405021193725,
              22.540620661206567
            ]
          ]
        ]
      }
    },
    {
      "type": "Feature",
      "id": "mock_0205",
      "properties": {
        "name": "建筑205",
        "height": 111.13003156984013,
        "base_height": 0.0,
        "build_year": 2010,
        "floors": 37,
        "property_type": "公寓",
        "color": [
          122,
          171,
          255
        ]
      },
      "geometry": {
        "type": "Polygon",
        "coordinates": [
          [
            [
              113.93169654769294,
              22.496425371798423
            ],
            [
              113.932142804196,
              22.49665088262627
            ],
            [
              113.93200638554406,
              22.4969208373382
            ],
            [
              113.93156012904099,
              22.496695326510356
            ]
          ]
        ]
      }
    },
    {
      "type": "Feature",
      "id": "mock_0206",
      "properties": {
        "name": "建筑206",
        "height": 138.23604462324997,
        "base_height": 0.0,
        "build_year": 2020,
        "floors": 46,
        "property_type": "住宅",
        "color": [
          97,
          157,
          207
        ]
      },
      "geometry": {
        "type": "Polygon",
        "coordinates": [
          [
            [
              113.92358987226146,
              22.543182552101136
            ],
            [
              113.9240432335213,
              22.543393415962584
            ],
            [
              113.92384781867821,
              22.54381356154301
            ],
            [
              113.92339445741837,
              22.543602697681564
            ]
          ]
        ]
      }
    },
    {
      "type": "Feature",
      "id": "mock_0207",
      "properties": {
        "name": "建筑207",
        "height": 82.13394074056502,
        "base_height": 0.0,
        "build_year": 2006,
        "floors": 27,
        "property_type": "公寓",
        "color": [
          116,
          165,
          253
        ]
      },
      "geometry": {
        "type": "Polygon",
        "coordinates": [
          [
            [
              113.97205793021739,
              22.486163841295557
            ],
            [
              113.97255460464554,
              22.48622141309786
            ],
            [
              113.97250342721274,
              22.4866629230238
            ],
            [
              113.9720067527846,
              22.4866053512215
            ]
          ]
        ]
      }
    },
    {
      "type": "Feature",
      "id": "mock_0208",
      "properties": {
        "name": "建筑208",
        "height": 100.92615622316262,
        "base_height": 0.0,
        "build_year": 2011,
        "floors": 33,
        "property_type": "商业综合体",
        "color": [
          225,
          112,
          112
        ]
      },
      "geometry": {
        "type": "Polygon",
        "coordinates": [
          [
            [
              113.92608201215555,
              22.523723492261606
            ],
            [
              113.9265788283319,
              22.523779827747052
            ],
            [
              113.92651428609148,
              22.524349018353096
            ],
            [
              113.92601746991512,
              22.52429268286765
            ]
          ]
        ]
      }
    },
    {
      "type": "Feature",
      "id": "mock_0209",
      "properties": {
        "name": "建筑209",
        "height": 72.26701229526762,
        "base_height": 0.0,
        "build_year": 2007,
        "floors": 24,
        "property_type": "公寓",
        "color": [
          114,
          163,
          251
        ]
      },
      "geometry": {
        "type": "Polygon",
        "coordinates": [
          [
            [
              113.91940603744462,
              22.50868985552189
            ],
            [
              113.91988423246306,
              22.508835901830725
            ],
            [
              113.9197824242977,
              22.509169249232013
            ],
            [
              113.91930422927925,
              22.509023202923178
            ]
          ]
        ]
      }
    },
    {
      "type": "Feature",
      "id": "mock_0210",
      "properties": {
        "name": "建筑210",
        "height": 49.614475764142995,
        "base_height": 0.0,
        "build_year": 2000,
        "floors": 16,
        "property_type": "商业综合体",
        "color": [
          214,
          101,
          101
        ]
      },
      "geometry": {
        "type": "Polygon",
        "coordinates": [
          [
            [
              113.89855716389316,
              22.508031904862428
            ],
            [
              113.89905077989343,
              22.508111549349223
            ],
            [
              113.89895125111984,
              22.508728403033672
            ],
            [
              113.89845763511957,
              22.508648758546876
            ]
          ]
        ]
      }
    },
    {
      "type": "Feature",
      "id": "mock_0211",
      "properties": {
        "name": "建筑211",
        "height": 60.15778130617609,
        "base_height": 0.0,
        "build_year": 2009,
        "floors": 20,
        "property_type": "商业综合体",
        "color": [
          217,
          104,
          104
        ]
      },
      "geometry": {
        "type": "Polygon",
        "coordinates": [
          [
            [
              113.99595156381622,
              22.52740608254734
            ],
            [
              113.99643765338176,
              22.527523201863755
            ],
            [
              113.99632199597514,
              22.528003223949444
            ],
            [
              113.9958359064096,
              22.52788610463303
            ]
          ]
        ]
      }
    },
    {
      "type": "Feature",
      "id": "mock_0212",
      "properties": {
        "name": "建筑212",
        "height": 34.67317479385982,
        "base_height": 0.0,
        "build_year": 2005,
        "floors": 11,
        "property_type": "公寓",
        "color": [
          106,
          155,
          243
        ]
      },
      "geometry": {
        "type": "Polygon",
        "coordinates": [
          [
            [
              113.9443197001859,
              22.589441669558298
            ],
            [
              113.94481907557457,
              22.58946665397714
            ],
            [
              113.94478926886393,
              22.590062414791255
            ],
            [
              113.94428989347526,
              22.590037430372412
            ]
          ]
        ]
      }
    },
    {
      "type": "Feature",
      "id": "mock_0213",
      "properties": {
        "name": "建筑213",
        "height": 24.91360965896913,
        "base_height": 0.0,
        "build_year": 2000,
        "floors": 8,
        "property_type": "住宅",
        "color": [
          74,
          134,
          184
        ]
      },
      "geometry": {
        "type": "Polygon",
        "coordinates": [
          [
            [
              113.97427099871544,
              22.5025665502747
            ],
            [
              113.9747045189935,
              22.50281566905862
            ],
            [
              113.97439822798128,
              22.503348681313675
            ],
            [
              113.97396470770322,
              22.503099562529755
            ]
          ]
        ]
      }
    },
    {
      "type": "Feature",
      "id": "mock_0214",
      "properties": {
        "name": "建筑214",
        "height": 55.00724867442092,
        "base_height": 0.0,
        "build_year": 2007,
        "floors": 18,
        "property_type": "写字楼",
        "color": [
          116,
          116,
          116
        ]
      },
      "geometry": {
        "type": "Polygon",
        "coordinates": [
          [
            [
              113.97833378216126,
              22.50845973871634
            ],
            [
              113.97880253000683,
              22.508633737156764
            ],
            [
              113.97855711414914,
              22.50929488190196
            ],
            [
              113.97808836630357,
              22.509120883461534
            ]
          ]
        ]
      }
    },
    {
      "type": "Feature",
      "id": "mock_0215",
      "properties": {
        "name": "建筑215",
        "height": 124.92277320963859,
        "base_height": 0.0,
        "build_year": 2015,
        "floors": 41,
        "property_type": "商业综合体",
        "color": [
          229,
          116,
          116
        ]
      },
      "geometry": {
        "type": "Polygon",
        "coordinates": [
          [
            [
              113.95151120209098,
              22.54927200694248
            ],
            [
              113.95194666171115,
              22.54951772002559
            ],
            [
              113.95166957864717,
              22.550008774406038
            ],
            [
              113.951234119027,
              22.549763061322928
            ]
          ]
        ]
      }
    },
    {
      "type": "Feature",
      "id": "mock_0216",
      "properties": {
        "name": "建筑216",
        "height": 82.40729894005281,
        "base_height": 0.0,
        "build_year": 2006,
        "floors": 27,
        "property_type": "公寓",
        "color": [
          116,
          165,
          253
        ]
      },
      "geometry": {
        "type": "Polygon",
        "coordinates": [
          [
            [
              114.00413538603239,
              22.52351460577112
            ],
            [
              114.00461259883747,
              22.523663830228447
            ],
            [
              114.00451816767166,
              22.523965816661033
            ],
            [
              114.00404095486658,
              22.523816592203705
            ]
          ]
        ]
      }
    },
    {
      "type": "Feature",
      "id": "mock_0217",
      "properties": {
        "name": "建筑217",
        "height": 96.84465810654994,
        "base_height": 0.0,
        "build_year": 2020,
        "floors": 32,
        "property_type": "公寓",
        "color": [
          119,
          168,
          255
        ]
      },
      "geometry": {
        "type": "Polygon",
        "coordinates": [
          [
            [
              113.94215706059592,
              22.529791036664825
            ],
            [
              113.94262547203253,
              22.529965938711815
            ],
            [
              113.94248087223042,
              22.530353196621085
            ],
            [
              113.9420124607938,
              22.530178294574096
            ]
          ]
        ]
      }
    },
    {
      "type": "Feature",
      "id": "mock_0218",
      "properties": {
        "name": "建筑218",
        "height": 49.6217004450571,
        "base_height": 0.0,
        "build_year": 2003,
        "floors": 16,
        "property_type": "商住楼",
        "color": [
          156,
          121,
          228
        ]
      },
      "geometry": {
        "type": "Polygon",
        "coordinates": [
          [
            [
              113.86696724012613,
              22.52143358357058
            ],
            [
              113.86742562962682,
              22.521633281005847
            ],
            [
              113.8672446904114,
              22.52204861251226
            ],
            [
              113.8667863009107,
              22.521848915076994
            ]
          ]
        ]
      }
    },
    {
      "type": "Feature",
      "id": "mock_0219",
      "properties": {
        "name": "建筑219",
        "height": 36.40693712897121,
        "base_height": 0.0,
        "build_year": 2004,
        "floors": 12,
        "property_type": "商住楼",
        "color": [
          154,
          119,
          226
        ]
      },
      "geometry": {
        "type": "Polygon",
        "coordinates": [
          [
            [
              113.97508048687024,
              22.575475849525624
            ],
            [
              113.97551438995421,
              22.57572430095692
            ],
            [
              113.97525609125674,
              22.576175401603983
            ],
            [
              113.97482218817277,
              22.575926950172686
            ]
          ]
        ]
      }
    },
    {
      "type": "Feature",
      "id": "mock_0220",
      "properties": {
        "name": "建筑220",
        "height": 36.914411371391125,
        "base_height": 0.0,
        "build_year": 2007,
        "floors": 12,
        "property_type": "写字楼",
        "color": [
          112,
          112,
          112
        ]
      },
      "geometry": {
        "type": "Polygon",
        "coordinates": [
          [
            [
              114.00070199649689,
              22.584879387525962
            ],
            [
              114.00114450079232,
              22.5851121748721
            ],
            [
              114.0009400383931,
              22.585500836418422
            ],
            [
              114.00049753409766,
              22.585268049072283
            ]
          ]
        ]
      }
    },
    {
      "type": "Feature",
      "id": "mock_0221",
      "properties": {
        "name": "建筑221",
        "height": 45.98134637430074,
        "base_height": 0.0,
        "build_year": 2004,
        "floors": 15,
        "property_type": "写字楼",
        "color": [
          114,
          114,
          114
        ]
      },
      "geometry": {
        "type": "Polygon",
        "coordinates": [
          [
            [
              113.86366674361803,
              22.592878479465377
            ],
            [
              113.86411015925235,
              22.593109526160315
            ],
            [
              113.86380152979082,
              22.59370183555687
            ],
            [
              113.8633581141565,
              22.593470788861932
            ]
          ]
        ]
      }
    },
    {
      "type": "Feature",
      "id": "mock_0222",
      "properties": {
        "name": "建筑222",
        "height": 63.48162533929985,
        "base_height": 0.0,
        "build_year": 2006,
        "floors": 21,
        "property_type": "住宅",
        "color": [
          82,
          142,
          192
        ]
      },
      "geometry": {
        "type": "Polygon",
        "coordinates": [
          [
            [
              113.9448450208352,
              22.597769276959777
            ],
            [
              113.94533993287932,
              22.597840425175406
            ],
            [
              113.94529015066445,
              22.59818671379981
            ],
            [
              113.94479523862033,
              22.59811556558418
            ]
          ]
        ]
      }
    },
    {
      "type": "Feature",
      "id": "mock_0223",
      "properties": {
        "name": "建筑223",
        "height": 52.83233529133612,
        "base_height": 0.0,
        "build_year": 2008,
        "floors": 17,
        "property_type": "公寓",
        "color": [
          110,
          159,
          247
        ]
      },
      "geometry": {
        "type": "Polygon",
        "coordinates": [
          [
            [
              113.87719834387487,
              22.538324157425212
            ],
            [
              113.8776589367179,
              22.53851871906822
            ],
            [
              113.87738276034118,
              22.53917252143427
            ],
            [
              113.87692216749814,
              22.53897795979126
            ]
          ]
        ]
      }
    },
    {
      "type": "Feature",
      "id": "mock_0224",
      "properties": {
        "name": "建筑224",
        "height": 33.90734283351622,
        "base_height": 0.0,
        "build_year": 2009,
        "floors": 11,
        "property_type": "写字楼",
        "color": [
          111,
          111,
          111
        ]
      },
      "geometry": {
        "type": "Polygon",
        "coordinates": [
          [
            [
              113.93529454037623,
              22.494320075152295
            ],
            [
              113.93579180814343,
              22.494372274459845
            ],
            [
              113.93574341425206,
              22.494833290581262
            ],
            [
              113.93524614648486,
              22.494781091273712
            ]
          ]
        ]
      }
    },
    {
      "type": "Feature",
      "id": "mock_0225",
      "properties": {
        "name": "建筑225",
        "height": 69.52208861236967,
        "base_height": 0.0,
        "build_year": 2005,
        "floors": 23,
        "property_type": "写字楼",
        "color": [
          118,
          118,
          118
        ]
      },
      "geometry": {
        "type": "Polygon",
        "coordinates": [
          [
            [
              113.96920728362235,
              22.50735027797119
            ],
            [
              113.96969885849451,
              22.50744167898356
            ],
            [
              113.96959047893151,
              22.50802456825849
            ],
            [
              113.96909890405935,
              22.507933167246122
            ]
          ]
        ]
      }
    },
    {
      "type": "Feature",
      "id": "mock_0226",
      "properties": {
        "name": "建筑226",
        "height": 87.44440409627416,
        "base_height": 0.0,
        "build_year": 2006,
        "floors": 29,
        "property_type": "公寓",
        "color": [
          117,
          166,
          254
        ]
      },
      "geometry": {
        "type": "Polygon",
        "coordinates": [
          [
            [
              113.8691337077357,
              22.54411345073326
            ],
            [
              113.86961798592873,
              22.54423784780622
            ],
            [
              113.86949009074306,
              22.54473574416289
            ],
            [
              113.86900581255003,
              22.54461134708993
            ]
          ]
        ]
      }
    },
    {
      "type": "Feature",
      "id": "mock_0227",
      "properties": {
        "name": "建筑227",
        "height": 48.584047916303795,
        "base_height": 0.0,
        "build_year": 2006,
        "floors": 16,
        "property_type": "商住楼",
        "color": [
          156,
          121,
          228
        ]
      },
      "geometry": {
        "type": "Polygon",
        "coordinates": [
          [
            [
              113.946454772792,
              22.568274635395166
            ],
            [
              113.94692904319298,
              22.56843296286199
            ],
            [
              113.94677501777046,
              22.568894346476338
            ],
            [
              113.94630074736948,
              22.568736019009513
            ]
          ]
        ]
      }
    },
    {
      "type": "Feature",
      "id": "mock_0228",
      "properties": {
        "name": "建筑228",
        "height": 45.959628297870424,
        "base_height": 0.0,
        "build_year": 2008,
        "floors": 15,
        "property_type": "住宅",
        "color": [
          79,
          139,
          189
        ]
      },
      "geometry": {
        "type": "Polygon",
        "coordinates": [
          [
            [
              114.0022299202227,
              22.571050768416423
            ],
            [
              114.00271361140462,
              22.5711774287517
            ],
            [
              114.00256814899961,
              22.571732921380455
            ],
            [
              114.0020844578177,
              22.57160626104518
            ]
          ]
        ]
      }
    },
    {
      "type": "Feature",
      "id": "mock_0229",
      "properties": {
        "name": "建筑229",
        "height": 52.68191618200864,
        "base_height": 0.0,
        "build_year": 2006,
        "floors": 17,
        "property_type": "商住楼",
        "color": [
          157,
          122,
          229
        ]
      },
      "geometry": {
        "type": "Polygon",
        "coordinates": [
          [
            [
              113.91825318188656,
              22.489338130021952
            ],
            [
              113.91869351511693,
              22.489574998437398
            ],
            [
              113.91837364585238,
              22.490169628440267
            ],
            [
              113.91793331262201,
              22.48993276002482
            ]
          ]
        ]
      }
    },
    {
      "type": "Feature",
      "id": "mock_0230",
      "properties": {
        "name": "建筑230",
        "height": 61.46583334626419,
        "base_height": 0.0,
        "build_year": 2016,
        "floors": 20,
        "property_type": "写字楼",
        "color": [
          117,
          117,
          117
        ]
      },
      "geometry": {
        "type": "Polygon",
        "coordinates": [
          [
            [
              113.92960915884272,
              22.553043813340445
            ],
            [
              113.93009861466425,
              22.553145955392402
            ],
            [
              113.93000046641298,
              22.553616273268652
            ],
            [
              113.92951101059145,
              22.553514131216694
            ]
          ]
        ]
      }
    },
    {
      "type": "Feature",
      "id": "mock_0231",
      "properties": {
        "name": "建筑231",
        "height": 148.07960311399657,
        "base_height": 0.0,
        "build_year": 2017,
        "floors": 49,
        "property_type": "公寓",
        "color": [
          129,
          178,
          255
        ]
      },
      "geometry": {
        "type": "Polygon",
        "coordinates": [
          [
            [
              113.92168071118772,
              22.543494109051167
            ],
            [
              113.92214359269559,
              22.54368316118598
            ],
            [
              113.92199248876565,
              22.544053129052266
            ],
            [
              113.92152960725778,
              22.54386407691745
            ]
          ]
        ]
      }
    },
    {
      "type": "Feature",
      "id": "mock_0232",
      "properties": {
        "name": "建筑232",
        "height": 52.33180792280376,
        "base_height": 0.0,
        "build_year": 2013,
        "floors": 17,
        "property_type": "商住楼",
        "color": [
          157,
          122,
          229
        ]
      },
      "geometry": {
        "type": "Polygon",
        "coordinates": [
          [
            [
              113.9144537076909,
              22.5600051429478
            ],
            [
              113.9149531697493,
              22.560028330276737
            ],
            [
              113.91492422506597,
              22.56065180748491
            ],
            [
              113.91442476300757,
              22.560628620155974
            ]
          ]
        ]
      }
    },
    {
      "type": "Feature",
      "id": "mock_0233",
      "properties": {
        "name": "建筑233",
        "height": 36.63329839552696,
        "base_height": 0.0,
        "build_year": 2001,
        "floors": 12,
        "property_type": "商住楼",
        "color": [
          154,
          119,
          226
        ]
      },
      "geometry": {
        "type": "Polygon",
        "coordinates": [
          [
            [
              113.87117456042469,
              22.570493480001154
            ],
            [
              113.87166336384186,
              22.57059869986314
            ],
            [
              113.87157902850458,
              22.570990483318006
            ],
            [
              113.87109022508741,
              22.57088526345602
            ]
          ]
        ]
      }
    },
    {
      "type": "Feature",
      "id": "mock_0234",
      "properties": {
        "name": "建筑234",
        "height": 85.06896524681544,
        "base_height": 0.0,
        "build_year": 2008,
        "floors": 28,
        "property_type": "写字楼",
        "color": [
          122,
          122,
          122
        ]
      },
      "geometry": {
        "type": "Polygon",
        "coordinates": [
          [
            [
              113.86632494463868,
              22.479713546010206
            ],
            [
              113.86680458143871,
              22.479854785310835
            ],
            [
              113.8666594033885,
              22.480347797773593
            ],
            [
              113.86617976658846,
              22.480206558472965
            ]
          ]
        ]
      }
    },
    {
      "type": "Feature",
      "id": "mock_0235",
      "properties": {
        "name": "建筑235",
        "height": 49.058783684465126,
        "base_height": 0.0,
        "build_year": 2004,
        "floors": 16,
        "property_type": "商住楼",
        "color": [
          156,
          121,
          228
        ]
      },
      "geometry": {
        "type": "Polygon",
        "coordinates": [
          [
            [
              113.91328591564537,
              22.49380794248233
            ],
            [
              113.91375604757975,
              22.493978165760073
            ],
            [
              113.91350341038763,
              22.494675912938963
            ],
            [
              113.91303327845326,
              22.49450568966122
            ]
          ]
        ]
      }
    },
    {
      "type": "Feature",
      "id": "mock_0236",
      "properties": {
        "name": "建筑236",
        "height": 81.85284027046995,
        "base_height": 0.0,
        "build_year": 2005,
        "floors": 27,
        "property_type": "公寓",
        "color": [
          116,
          165,
          253
        ]
      },
      "geometry": {
        "type": "Polygon",
        "coordinates": [
          [
            [
              113.97832772039618,
              22.58191142031715
            ],
            [
              113.97882516724418,
              22.58196188449673
            ],
            [
              113.97877540555652,
              22.58245240658366
            ],
            [
              113.97827795870852,
              22.58240194240408
            ]
          ]
        ]
      }
    },
    {
      "type": "Feature",
      "id": "mock_0237",
      "properties": {
        "name": "建筑237",
        "height": 45.035522920440535,
        "base_height": 0.0,
        "build_year": 2006,
        "floors": 15,
        "property_type": "写字楼",
        "color": [
          114,
          114,
          114
        ]
      },
      "geometry": {
        "type": "Polygon",
        "coordinates": [
          [
            [
              113.97795474416505,
              22.502063444998416
            ],
            [
              113.97844647134892,
              22.50215402301256
            ],
            [
              113.97833330796205,
              22.502768360984877
            ],
            [
              113.97784158077818,
              22.502677782970732
            ]
          ]
        ]
      }
    },
    {
      "type": "Feature",
      "id": "mock_0238",
      "properties": {
        "name": "建筑238",
        "height": 43.851562321841925,
        "base_height": 0.0,
        "build_year": 2005,
        "floors": 14,
        "property_type": "住宅",
        "color": [
          78,
          138,
          188
        ]
      },
      "geometry": {
        "type": "Polygon",
        "coordinates": [
          [
            [
              113.9642897578901,
              22.494796037568424
            ],
            [
              113.96474096679206,
              22.49501146859402
            ],
            [
              113.96448864158177,
              22.49553995041673
            ],
            [
              113.9640374326798,
              22.495324519391136
            ]
          ]
        ]
      }
    },
    {
      "type": "Feature",
      "id": "mock_0239",
      "properties": {
        "name": "建筑239",
        "height": 54.75369692689558,
        "base_height": 0.0,
        "build_year": 2011,
        "floors": 18,
        "property_type": "住宅",
        "color": [
          80,
          140,
          190
        ]
      },
      "geometry": {
        "type": "Polygon",
        "coordinates": [
          [
            [
              113.93143105692126,
              22.52593914613826
            ],
            [
              113.93188368915966,
              22.526151570375955
            ],
            [
              113.93170044561744,
              22.526542024570762
            ],
            [
              113.93124781337903,
              22.526329600333067
            ]
          ]
        ]
      }
    },
    {
      "type": "Feature",
      "id": "mock_0240",
      "properties": {
        "name": "建筑240",
        "height": 100.93343823607587,
        "base_height": 0.0,
        "build_year": 2010,
        "floors": 33,
        "property_type": "写字楼",
        "color": [
          125,
          125,
          125
        ]
      },
      "geometry": {
        "type": "Polygon",
        "coordinates": [
          [
            [
              113.86767017084685,
              22.54316351055144
            ],
            [
              113.86816939617589,
              22.543191332680273
            ],
            [
              113.8681353094382,
              22.543802966784202
            ],
            [
              113.86763608410917,
              22.54377514465537
            ]
          ]
        ]
      }
    },
    {
      "type": "Feature",
      "id": "mock_0241",
      "properties": {
        "name": "建筑241",
        "height": 118.95437928373987,
        "base_height": 0.0,
        "build_year": 2013,
        "floors": 39,
        "property_type": "住宅",
        "color": [
          93,
          153,
          203
        ]
      },
      "geometry": {
        "type": "Polygon",
        "coordinates": [
          [
            [
              113.9180840906576,
              22.572786217355105
            ],
            [
              113.91851747739233,
              22.573035568389134
            ],
            [
              113.91814445435847,
              22.573683904319427
            ],
            [
              113.91771106762374,
              22.5734345532854
            ]
          ]
        ]
      }
    },
    {
      "type": "Feature",
      "id": "mock_0242",
      "properties": {
        "name": "建筑242",
        "height": 22.59701962436839,
        "base_height": 0.0,
        "build_year": 2000,
        "floors": 7,
        "property_type": "公寓",
        "color": [
          104,
          153,
          241
        ]
      },
      "geometry": {
        "type": "Polygon",
        "coordinates": [
          [
            [
              113.85389784190869,
              22.54796718720253
            ],
            [
              113.85435101079615,
              22.548178464175813
            ],
            [
              113.8541406301041,
              22.548629710625796
            ],
            [
              113.85368746121664,
              22.548418433652515
            ]
          ]
        ]
      }
    },
    {
      "type": "Feature",
      "id": "mock_0243",
      "properties": {
        "name": "建筑243",
        "height": 79.64590298775383,
        "base_height": 0.0,
        "build_year": 2010,
        "floors": 26,
        "property_type": "商住楼",
        "color": [
          162,
          127,
          234
        ]
      },
      "geometry": {
        "type": "Polygon",
        "coordinates": [
          [
            [
              113.9571143367212,
              22.498450030073784
            ],
            [
              113.95759114433793,
              22.49860054418154
            ],
            [
              113.95743151823818,
              22.499106217312914
            ],
            [
              113.95695471062146,
              22.49895570320516
            ]
          ]
        ]
      }
    },
    {
      "type": "Feature",
      "id": "mock_0244",
      "properties": {
        "name": "建筑244",
        "height": 54.728537572506504,
        "base_height": 0.0,
        "build_year": 2005,
        "floors": 18,
        "property_type": "商住楼",
        "color": [
          157,
          122,
          229
        ]
      },
      "geometry": {
        "type": "Polygon",
        "coordinates": [
          [
            [
              113.8877533570753,
              22.562603620627524
            ],
            [
              113.88823604046028,
              22.56273406889258
            ],
            [
              113.8881552535309,
              22.56303299589265
            ],
            [
              113.88767257014591,
              22.562902547627594
            ]
          ]
        ]
      }
    },
    {
      "type": "Feature",
      "id": "mock_0245",
      "properties": {
        "name": "建筑245",
        "height": 82.00109554973129,
        "base_height": 0.0,
        "build_year": 2005,
        "floors": 27,
        "property_type": "住宅",
        "color": [
          86,
          146,
          196
        ]
      },
      "geometry": {
        "type": "Polygon",
        "coordinates": [
          [
            [
              114.00121246281063,
              22.55733703086426
            ],
            [
              114.00165653883808,
              22.557566805714607
            ],
            [
              114.00133824192875,
              22.55818196453999
            ],
            [
              114.0008941659013,
              22.557952189689644
            ]
          ]
        ]
      }
    },
    {
      "type": "Feature",
      "id": "mock_0246",
      "properties": {
        "name": "建筑246",
        "height": 55.53936057523988,
        "base_height": 0.0,
        "build_year": 2006,
        "floors": 18,
        "property_type": "商住楼",
        "color": [
          158,
          123,
          230
        ]
      },
      "geometry": {
        "type": "Polygon",
        "coordinates": [
          [
            [
              113.90765964531809,
              22.598705733955043
            ],
            [
              113.90815930178097,
              22.598724265525583
            ],
            [
              113.90814788046407,
              22.599032212161575
            ],
            [
              113.90764822400119,
              22.599013680591035
            ]
          ]
        ]
      }
    },
    {
      "type": "Feature",
      "id": "mock_0247",
      "properties": {
        "name": "建筑247",
        "height": 82.86036338538652,
        "base_height": 0.0,
        "build_year": 2005,
        "floors": 27,
        "property_type": "写字楼",
        "color": [
          121,
          121,
          121
        ]
      },
      "geometry": {
        "type": "Polygon",
        "coordinates": [
          [
            [
              113.99067556823856,
              22.51269603869087
            ],
            [
              113.99113683166846,
              22.512889005134152
            ],
            [
              113.99095611729759,
              22.513320981435932
            ],
            [
              113.99049485386769,
              22.51312801499265
            ]
          ]
        ]
      }
    },
    {
      "type": "Feature",
      "id": "mock_0248",
      "properties": {
        "name": "建筑248",
        "height": 99.18931088169626,
        "base_height": 0.0,
        "build_year": 2012,
        "floors": 33,
        "property_type": "公寓",
        "color": [
          119,
          168,
          255
        ]
      },
      "geometry": {
        "type": "Polygon",
        "coordinates": [
          [
            [
              113.96309975457848,
              22.51804942371407
            ],
            [
              113.96356793221157,
              22.518224950646132
            ],
            [
              113.96336504267535,
              22.51876611171888
            ],
            [
              113.96289686504225,
              22.518590584786818
            ]
          ]
        ]
      }
    },
    {
      "type": "Feature",
      "id": "mock_0249",
      "properties": {
        "name": "建筑249",
        "height": 51.2494719358793,
        "base_height": 0.0,
        "build_year": 2006,
        "floors": 17,
        "property_type": "写字楼",
        "color": [
          115,
          115,
          115
        ]
      },
      "geometry": {
        "type": "Polygon",
        "coordinates": [
          [
            [
              114.00789295164766,
              22.484048090725857
            ],
            [
              114.00834074254605,
              22.484270539172265
            ],
            [
              114.0081854975411,
              22.484583048885696
            ],
            [
              114.00773770664271,
              22.484360600439288
            ]
          ]
        ]
      }
    },
    {
      "type": "Feature",
      "id": "mock_0250",
      "properties": {
        "name": "建筑250",
        "height": 34.34229632060763,
        "base_height": 0.0,
        "build_year": 2004,
        "floors": 11,
        "property_type": "住宅",
        "color": [
          76,
          136,
          186
        ]
      },
      "geometry": {
        "type": "Polygon",
        "coordinates": [
          [
            [
              113.94556049578797,
              22.597250633496635
            ],
            [
              113.94604589547625,
              22.59737057991224
            ],
            [
              113.94594204469028,
              22.59779084373485
            ],
            [
              113.94545664500201,
              22.597670897319244
            ]
          ]
        ]
      }
    },
    {
      "type": "Feature",
      "id": "mock_0251",
      "properties": {
        "name": "建筑251",
        "height": 84.47819116443989,
        "base_height": 0.0,
        "build_year": 2006,
        "floors": 28,
        "property_type": "公寓",
        "color": [
          116,
          165,
          253
        ]
      },
      "geometry": {
        "type": "Polygon",
        "coordinates": [
          [
            [
              113.8504952653984,
              22.578738303416163
            ],
            [
              113.85097165648091,
              22.57889013074079
            ],
            [
              113.85087961988256,
              22.579178915482412
            ],
            [
              113.85040322880005,
              22.579027088157787
            ]
          ]
        ]
      }
    },
    {
      "type": "Feature",
      "id": "mock_0252",
      "properties": {
        "name": "建筑252",
        "height": 60.46854519031284,
        "base_height": 0.0,
        "build_year": 2009,
        "floors": 20,
        "property_type": "住宅",
        "color": [
          82,
          142,
          192
        ]
      },
      "geometry": {
        "type": "Polygon",
        "coordinates": [
          [
            [
              113.993733086983,
              22.54444491328381
            ],
            [
              113.9942213653023,
              22.54455254359043
            ],
            [
              113.99410312941696,
              22.545088935441242
            ],
            [
              113.99361485109766,
              22.544981305134623
            ]
          ]
        ]
      }
    },
    {
      "type": "Feature",
      "id": "mock_0253",
      "properties": {
        "name": "建筑253",
        "height": 55.17534874636755,
        "base_height": 0.0,
        "build_year": 2006,
        "floors": 18,
        "property_type": "住宅",
        "color": [
          81,
          141,
          191
        ]
      },
      "geometry": {
        "type": "Polygon",
        "coordinates": [
          [
            [
              113.866343898832,
              22.535282610320685
            ],
            [
              113.86682964458508,
              22.535401147502082
            ],
            [
              113.8666571878869,
              22.536107846511996
            ],
            [
              113.86617144213382,
              22.5359893093306
            ]
          ]
        ]
      }
    },
    {
      "type": "Feature",
      "id": "mock_0254",
      "properties": {
        "name": "建筑254",
        "height": 117.56332904727357,
        "base_height": 0.0,
        "build_year": 2010,
        "floors": 39,
        "property_type": "公寓",
        "color": [
          123,
          172,
          255
        ]
      },
      "geometry": {
        "type": "Polygon",
        "coordinates": [
          [
            [
              113.89229900506162,
              22.51106755570669
            ],
            [
              113.8927568191638,
              22.51126856876062
            ],
            [
              113.89259578028195,
              22.511635340319287
            ],
            [
              113.89213796617977,
              22.511434327265356
            ]
          ]
        ]
      }
    },
    {
      "type": "Feature",
      "id": "mock_0255",
      "properties": {
        "name": "建筑255",
        "height": 76.23426395934702,
        "base_height": 0.0,
        "build_year": 2008,
        "floors": 25,
        "property_type": "住宅",
        "color": [
          85,
          145,
          195
        ]
      },
      "geometry": {
        "type": "Polygon",
        "coordinates": [
          [
            [
              113.8561502731944,
              22.526381032954113
            ],
            [
              113.85664461263802,
              22.52645605638032
            ],
            [
              113.85655366638332,
              22.527055313482002
            ],
            [
              113.8560593269397,
              22.526980290055796
            ]
          ]
        ]
      }
    },
    {
      "type": "Feature",
      "id": "mock_0256",
      "properties": {
        "name": "建筑256",
        "height": 46.14519108687133,
        "base_height": 0.0,
        "build_year": 2001,
        "floors": 15,
        "property_type": "住宅",
        "color": [
          79,
          139,
          189
        ]
      },
      "geometry": {
        "type": "Polygon",
        "coordinates": [
          [
            [
              113.8862541275695,
              22.483311382595268
            ],
            [
              113.88675378935157,
              22.483329770187133
            ],
            [
              113.88672994334424,
              22.483977758167512
            ],
            [
              113.88623028156216,
              22.483959370575647
            ]
          ]
        ]
      }
    },
    {
      "type": "Feature",
      "id": "mock_0257",
      "properties": {
        "name": "建筑257",
        "height": 69.79463796788164,
        "base_height": 0.0,
        "build_year": 2009,
        "floors": 23,
        "property_type": "商住楼",
        "color": [
          160,
          125,
          232
        ]
      },
      "geometry": {
        "type": "Polygon",
        "coordinates": [
          [
            [
              113.96685893255341,
              22.57192809851743
            ],
            [
              113.96730859114501,
              22.572146746981854
            ],
            [
              113.96698593714447,
              22.572810296775554
            ],
            [
              113.96653627855287,
              22.57259164831113
            ]
          ]
        ]
      }
    },
    {
      "type": "Feature",
      "id": "mock_0258",
      "properties": {
        "name": "建筑258",
        "height": 66.74641281579125,
        "base_height": 0.0,
        "build_year": 2009,
        "floors": 22,
        "property_type": "公寓",
        "color": [
          113,
          162,
          250
        ]
      },
      "geometry": {
        "type": "Polygon",
        "coordinates": [
          [
            [
              113.87805304600009,
              22.50483101470972
            ],
            [
              113.87854659012716,
              22.504911103377054
            ],
            [
              113.87844609129534,
              22.505530424560295
            ],
            [
              113.87795254716828,
              22.50545033589296
            ]
          ]
        ]
      }
    },
    {
      "type": "Feature",
      "id": "mock_0259",
      "properties": {
        "name": "建筑259",
        "height": 49.94408869936776,
        "base_height": 0.0,
        "build_year": 2000,
        "floors": 16,
        "property_type": "商住楼",
        "color": [
          156,
          121,
          228
        ]
      },
      "geometry": {
        "type": "Polygon",
        "coordinates": [
          [
            [
              114.0019597579393,
              22.490843225383152
            ],
            [
              114.00245938950673,
              22.49086241644449
            ],
            [
              114.00243573580148,
              22.49147823115235
            ],
            [
              114.00193610423406,
              22.491459040091012
            ]
          ]
        ]
      }
    },
    {
      "type": "Feature",
      "id": "mock_0260",
      "properties": {
        "name": "建筑260",
        "height": 34.5724218954938,
        "base_height": 0.0,
        "build_year": 2001,
        "floors": 11,
        "property_type": "商业综合体",
        "color": [
          211,
          98,
          98
        ]
      },
      "geometry": {
        "type": "Polygon",
        "coordinates": [
          [
            [
              113.96654274975259,
              22.57806172580037
            ],
            [
              113.96703422751469,
              22.578153647557087
            ],
            [
              113.9669098648204,
              22.57881857717617
            ],
            [
              113.9664183870583,
              22.57872665541945
            ]
          ]
        ]
      }
    },
    {
      "type": "Feature",
      "id": "mock_0261",
      "properties": {
        "name": "建筑261",
        "height": 66.04881462715281,
        "base_height": 0.0,
        "build_year": 2009,
        "floors": 22,
        "property_type": "写字楼",
        "color": [
          118,
          118,
          118
        ]
      },
      "geometry": {
        "type": "Polygon",
        "coordinates": [
          [
            [
              113.93406114543849,
              22.502135304513704
            ],
            [
              113.9345027388485,
              22.502369815196268
            ],
            [
              113.9341620663652,
              22.50301131571106
            ],
            [
              113.9337204729552,
              22.502776805028496
            ]
          ]
        ]
      }
    },
    {
      "type": "Feature",
      "id": "mock_0262",
      "properties": {
        "name": "建筑262",
        "height": 39.624326956281486,
        "base_height": 0.0,
        "build_year": 2004,
        "floors": 13,
        "property_type": "写字楼",
        "color": [
          112,
          112,
          112
        ]
      },
      "geometry": {
        "type": "Polygon",
        "coordinates": [
          [
            [
              113.9737102022307,
              22.491556773886924
            ],
            [
              113.97420547735918,
              22.49162534900717
            ],
            [
              113.9741178465267,
              22.492258251605943
            ],
            [
              113.97362257139822,
              22.492189676485697
            ]
          ]
        ]
      }
    },
    {
      "type": "Feature",
      "id": "mock_0263",
      "properties": {
        "name": "建筑263",
        "height": 115.75534426525755,
        "base_height": 0.0,
        "build_year": 2010,
        "floors": 38,
        "property_type": "商住楼",
        "color": [
          170,
          135,
          242
        ]
      },
      "geometry": {
        "type": "Polygon",
        "coordinates": [
          [
            [
              113.92946734723564,
              22.50951146500588
            ],
            [
              113.92995757468096,
              22.509609837013425
            ],
            [
              113.92984769661486,
              22.510157403795667
            ],
            [
              113.92935746916955,
              22.51005903178812
            ]
          ]
        ]
      }
    },
    {
      "type": "Feature",
      "id": "mock_0264",
      "properties": {
        "name": "建筑264",
        "height": 111.22499885857574,
        "base_height": 0.0,
        "build_year": 2013,
        "floors": 37,
        "property_type": "公寓",
        "color": [
          122,
          171,
          255
        ]
      },
      "geometry": {
        "type": "Polygon",
        "coordinates": [
          [
            [
              113.91814856452362,
              22.536681228763523
            ],
            [
              113.91864826123594,
              22.53669864127896
            ],
            [
              113.91863639205732,
              22.53703925774853
            ],
            [
              113.918136695345,
              22.53702184523309
            ]
          ]
        ]
      }
    },
    {
      "type": "Feature",
      "id": "mock_0265",
      "properties": {
        "name": "建筑265",
        "height": 34.92029476853135,
        "base_height": 0.0,
        "build_year": 2003,
        "floors": 11,
        "property_type": "住宅",
        "color": [
          76,
          136,
          186
        ]
      },
      "geometry": {
        "type": "Polygon",
        "coordinates": [
          [
            [
              113.97302880268609,
              22.487799133246252
            ],
            [
              113.97352880244551,
              22.487799623718658
            ],
            [
              113.97352836874555,
              22.488241748242512
            ],
            [
              113.97302836898612,
              22.488241257770106
            ]
          ]
        ]
      }
    },
    {
      "type": "Feature",
      "id": "mock_0266",
      "properties": {
        "name": "建筑266",
        "height": 55.770037303619056,
        "base_height": 0.0,
        "build_year": 2004,
        "floors": 18,
        "property_type": "写字楼",
        "color": [
          116,
          116,
          116
        ]
      },
      "geometry": {
        "type": "Polygon",
        "coordinates": [
          [
            [
              113.87946282101194,
              22.57994320804142
            ],
            [
              113.87996281602082,
              22.579945442117424
            ],
            [
              113.87995994439697,
              22.580588122842407
            ],
            [
              113.87945994938809,
              22.580585888766404
            ]
          ]
        ]
      }
    },
    {
      "type": "Feature",
      "id": "mock_0267",
      "properties": {
        "name": "建筑267",
        "height": 72.61385467591842,
        "base_height": 0.0,
        "build_year": 2006,
        "floors": 24,
        "property_type": "商住楼",
        "color": [
          161,
          126,
          233
        ]
      },
      "geometry": {
        "type": "Polygon",
        "coordinates": [
          [
            [
              113.8626772037573,
              22.570095435273313
            ],
            [
              113.86313923085527,
              22.57028656601586
            ],
            [
              113.8628582387554,
              22.570965818148306
            ],
            [
              113.86239621165743,
              22.57077468740576
            ]
          ]
        ]
      }
    },
    {
      "type": "Feature",
      "id": "mock_0268",
      "properties": {
        "name": "建筑268",
        "height": 48.775154228148935,
        "base_height": 0.0,
        "build_year": 2009,
        "floors": 16,
        "property_type": "公寓",
        "color": [
          109,
          158,
          246
        ]
      },
      "geometry": {
        "type": "Polygon",
        "coordinates": [
          [
            [
              113.88962861605108,
              22.55372747238405
            ],
            [
              113.89012220338687,
              22.553807294323107
            ],
            [
              113.89000750831099,
              22.554516523359634
            ],
            [
              113.8895139209752,
              22.554436701420578
            ]
          ]
        ]
      }
    },
    {
      "type": "Feature",
      "id": "mock_0269",
      "properties": {
        "name": "建筑269",
        "height": 42.07991428253792,
        "base_height": 0.0,
        "build_year": 2009,
        "floors": 14,
        "property_type": "商业综合体",
        "color": [
          213,
          100,
          100
        ]
      },
      "geometry": {
        "type": "Polygon",
        "coordinates": [
          [
            [
              113.94682957935241,
              22.52823811018118
            ],
            [
              113.94732452370596,
              22.528309033286657
            ],
            [
              113.94727659742769,
              22.528643491862002
            ],
            [
              113.94678165307414,
              22.528572568756527
            ]
          ]
        ]
      }
    },
    {
      "type": "Feature",
      "id": "mock_0270",
      "properties": {
        "name": "建筑270",
        "height": 45.22074088026428,
        "base_height": 0.0,
        "build_year": 2004,
        "floors": 15,
        "property_type": "写字楼",
        "color": [
          114,
          114,
          114
        ]
      },
      "geometry": {
        "type": "Polygon",
        "coordinates": [
          [
            [
              113.91110952567742,
              22.48456393613194
            ],
            [
              113.91160633737883,
              22.484620311067385
            ],
            [
              113.9115278617828,
              22.48531188781285
            ],
            [
              113.91103105008139,
              22.485255512877405
            ]
          ]
        ]
      }
    },
    {
      "type": "Feature",
      "id": "mock_0271",
      "properties": {
        "name": "建筑271",
        "height": 58.21468353521989,
        "base_height": 0.0,
        "build_year": 2008,
        "floors": 19,
        "property_type": "公寓",
        "color": [
          111,
          160,
          248
        ]
      },
      "geometry": {
        "type": "Polygon",
        "coordinates": [
          [
            [
              113.89604922587442,
              22.59635892625876
            ],
            [
              113.89648325048549,
              22.59660716533099
            ],
            [
              113.89631896822512,
              22.596894398696477
            ],
            [
              113.89588494361405,
              22.596646159624246
            ]
          ]
        ]
      }
    },
    {
      "type": "Feature",
      "id": "mock_0272",
      "properties": {
        "name": "建筑272",
        "height": 45.8199128080788,
        "base_height": 0.0,
        "build_year": 2009,
        "floors": 15,
        "property_type": "商业综合体",
        "color": [
          214,
          101,
          101
        ]
      },
      "geometry": {
        "type": "Polygon",
        "coordinates": [
          [
            [
              113.95994467122458,
              22.526648442860726
            ],
            [
              113.96044369237353,
              22.526679714139807
            ],
            [
              113.96040838394623,
              22.52724315933557
            ],
            [
              113.95990936279728,
              22.527211888056488
            ]
          ]
        ]
      }
    },
    {
      "type": "Feature",
      "id": "mock_0273",
      "properties": {
        "name": "建筑273",
        "height": 60.606341939956664,
        "base_height": 0.0,
        "build_year": 2010,
        "floors": 20,
        "property_type": "写字楼",
        "color": [
          117,
          117,
          117
        ]
      },
      "geometry": {
        "type": "Polygon",
        "coordinates": [
          [
            [
              113.94850419168871,
              22.48605070194616
            ],
            [
              113.94896371034861,
              22.486247787209955
            ],
            [
              113.94874079489072,
              22.48676753085034
            ],
            [
              113.94828127623083,
              22.486570445586544
            ]
          ]
        ]
      }
    },
    {
      "type": "Feature",
      "id": "mock_0274",
      "properties": {
        "name": "建筑274",
        "height": 54.74613710113505,
        "base_height": 0.0,
        "build_year": 2003,
        "floors": 18,
        "property_type": "商业综合体",
        "color": [
          215,
          102,
          102
        ]
      },
      "geometry": {
        "type": "Polygon",
        "coordinates": [
          [
            [
              113.89059326154212,
              22.51833817069248
            ],
            [
              113.89109137836637,
              22.518381525385507
            ],
            [
              113.89103723582274,
              22.519003587497032
            ],
            [
              113.89053911899849,
              22.518960232804005
            ]
          ]
        ]
      }
    },
    {
      "type": "Feature",
      "id": "mock_0275",
      "properties": {
        "name": "建筑275",
        "height": 120.63654416396247,
        "base_height": 0.0,
        "build_year": 2016,
        "floors": 40,
        "property_type": "公寓",
        "color": [
          124,
          173,
          255
        ]
      },
      "geometry": {
        "type": "Polygon",
        "coordinates": [
          [
            [
              113.92525017280992,
              22.553500536905922
            ],
            [
              113.92574908587135,
              22.553533487735056
            ],
            [
              113.92570994118587,
              22.554126182831943
            ],
            [
              113.92521102812445,
              22.55409323200281
            ]
          ]
        ]
      }
    },
    {
      "type": "Feature",
      "id": "mock_0276",
      "properties": {
        "name": "建筑276",
        "height": 45.890541413823925,
        "base_height": 0.0,
        "build_year": 2008,
        "floors": 15,
        "property_type": "住宅",
        "color": [
          79,
          139,
          189
        ]
      },
      "geometry": {
        "type": "Polygon",
        "coordinates": [
          [
            [
              113.88624299988334,
              22.57058172268445
            ],
            [
              113.88674243119017,
              22.570605563191155
            ],
            [
              113.88671535231728,
              22.57117283456025
            ],
            [
              113.88621592101045,
              22.571148994053548
            ]
          ]
        ]
      }
    },
    {
      "type": "Feature",
      "id": "mock_0277",
      "properties": {
        "name": "建筑277",
        "height": 43.56696774071017,
        "base_height": 0.0,
        "build_year": 2003,
        "floors": 14,
        "property_type": "商住楼",
        "color": [
          155,
          120,
          227
        ]
      },
      "geometry": {
        "type": "Polygon",
        "coordinates": [
          [
            [
              113.97090749043436,
              22.56998633922067
            ],
            [
              113.97140747871995,
              22.569989761831568
            ],
            [
              113.97140363243857,
              22.570551641545457
            ],
            [
              113.97090364415297,
              22.570548218934558
            ]
          ]
        ]
      }
    },
    {
      "type": "Feature",
      "id": "mock_0278",
      "properties": {
        "name": "建筑278",
        "height": 40.344880898114766,
        "base_height": 0.0,
        "build_year": 2003,
        "floors": 13,
        "property_type": "公寓",
        "color": [
          108,
          157,
          245
        ]
      },
      "geometry": {
        "type": "Polygon",
        "coordinates": [
          [
            [
              114.00279843603774,
              22.510669425975998
            ],
            [
              114.00329771779832,
              22.510696216339117
            ],
            [
              114.00327763919329,
              22.511070413628865
            ],
            [
              114.0027783574327,
              22.511043623265746
            ]
          ]
        ]
      }
    },
    {
      "type": "Feature",
      "id": "mock_0279",
      "properties": {
        "name": "建筑279",
        "height": 43.201986237243624,
        "base_height": 0.0,
        "build_year": 2006,
        "floors": 14,
        "property_type": "住宅",
        "color": [
          78,
          138,
          188
        ]
      },
      "geometry": {
        "type": "Polygon",
        "coordinates": [
          [
            [
              113.9687536373995,
              22.515625415319537
            ],
            [
              113.96921167692811,
              22.51582591417298
            ],
            [
              113.96900894442258,
              22.51628905647861
            ],
            [
              113.96855090489397,
              22.516088557625167
            ]
          ]
        ]
      }
    },
    {
      "type": "Feature",
      "id": "mock_0280",
      "properties": {
        "name": "建筑280",
        "height": 48.38933371472051,
        "base_height": 0.0,
        "build_year": 2005,
        "floors": 16,
        "property_type": "公寓",
        "color": [
          109,
          158,
          246
        ]
      },
      "geometry": {
        "type": "Polygon",
        "coordinates": [
          [
            [
              113.92097522706169,
              22.564164936760644
            ],
            [
              113.92147497781163,
              22.564180722448523
            ],
            [
              113.92146410782212,
              22.56452484970161
            ],
            [
              113.92096435707218,
              22.56450906401373
            ]
          ]
        ]
      }
    },
    {
      "type": "Feature",
      "id": "mock_0281",
      "properties": {
        "name": "建筑281",
        "height": 37.701200150485924,
        "base_height": 0.0,
        "build_year": 2007,
        "floors": 12,
        "property_type": "公寓",
        "color": [
          107,
          156,
          244
        ]
      },
      "geometry": {
        "type": "Polygon",
        "coordinates": [
          [
            [
              113.93060002661247,
              22.49501730879584
            ],
            [
              113.93109769064235,
              22.49506558418666
            ],
            [
              113.93105244517369,
              22.49553201318677
            ],
            [
              113.93055478114381,
              22.495483737795954
            ]
          ]
        ]
      }
    },
    {
      "type": "Feature",
      "id": "mock_0282",
      "properties": {
        "name": "建筑282",
        "height": 78.57653382569838,
        "base_height": 0.0,
        "build_year": 2005,
        "floors": 26,
        "property_type": "写字楼",
        "color": [
          120,
          120,
          120
        ]
      },
      "geometry": {
        "type": "Polygon",
        "coordinates": [
          [
            [
              113.9512506425469,
              22.526440612401665
            ],
            [
              113.95172533336556,
              22.526597674894557
            ],
            [
              113.95155500576526,
              22.527112456918843
            ],
            [
              113.9510803149466,
              22.52695539442595
            ]
          ]
        ]
      }
    },
    {
      "type": "Feature",
      "id": "mock_0283",
      "properties": {
        "name": "建筑283",
        "height": 84.9305938886266,
        "base_height": 0.0,
        "build_year": 2013,
        "floors": 28,
        "property_type": "住宅",
        "color": [
          86,
          146,
          196
        ]
      },
      "geometry": {
        "type": "Polygon",
        "coordinates": [
          [
            [
              113.9198676175809,
              22.547026899190094
            ],
            [
              113.92036525636418,
              22.54707543414015
            ],
            [
              113.92031070677416,
              22.547634742258758
            ],
            [
              113.91981306799089,
              22.5475862073087
            ]
          ]
        ]
      }
    },
    {
      "type": "Feature",
      "id": "mock_0284",
      "properties": {
        "name": "建筑284",
        "height": 39.26672613936808,
        "base_height": 0.0,
        "build_year": 2007,
        "floors": 13,
        "property_type": "商住楼",
        "color": [
          154,
          119,
          226
        ]
      },
      "geometry": {
        "type": "Polygon",
        "coordinates": [
          [
            [
              113.98287529234648,
              22.56942808276306
            ],
            [
              113.98333019400188,
              22.569635602602858
            ],
            [
              113.98315180658668,
              22.570026643433245
            ],
            [
              113.98269690493127,
              22.569819123593447
            ]
          ]
        ]
      }
    },
    {
      "type": "Feature",
      "id": "mock_0285",
      "properties": {
        "name": "建筑285",
        "height": 84.97538741979463,
        "base_height": 0.0,
        "build_year": 2005,
        "floors": 28,
        "property_type": "住宅",
        "color": [
          86,
          146,
          196
        ]
      },
      "geometry": {
        "type": "Polygon",
        "coordinates": [
          [
            [
              113.97679741432395,
              22.564306699483776
            ],
            [
              113.97724141260467,
              22.564536624529662
            ],
            [
              113.97706471956192,
              22.56487782879861
            ],
            [
              113.97662072128121,
              22.564647903752725
            ]
          ]
        ]
      }
    },
    {
      "type": "Feature",
      "id": "mock_0286",
      "properties": {
        "name": "建筑286",
        "height": 88.64982174052003,
        "base_height": 0.0,
        "build_year": 2010,
        "floors": 29,
        "property_type": "住宅",
        "color": [
          87,
          147,
          197
        ]
      },
      "geometry": {
        "type": "Polygon",
        "coordinates": [
          [
            [
              113.88548140747966,
              22.517746094872084
            ],
            [
              113.88597145307152,
              22.517845368825924
            ],
            [
              113.88585186991327,
              22.51843566665627
            ],
            [
              113.88536182432141,
              22.51833639270243
            ]
          ]
        ]
      }
    },
    {
      "type": "Feature",
      "id": "mock_0287",
      "properties": {
        "name": "建筑287",
        "height": 61.676586458132306,
        "base_height": 0.0,
        "build_year": 2009,
        "floors": 20,
        "property_type": "商业综合体",
        "color": [
          217,
          104,
          104
        ]
      },
      "geometry": {
        "type": "Polygon",
        "coordinates": [
          [
            [
              113.86697912417141,
              22.49474387232298
            ],
            [
              113.86745741576738,
              22.494889602035883
            ],
            [
              113.86731146780893,
              22.495368609923748
            ],
            [
              113.86683317621296,
              22.495222880210846
            ]
          ]
        ]
      }
    },
    {
      "type": "Feature",
      "id": "mock_0288",
      "properties": {
        "name": "建筑288",
        "height": 66.52823511244105,
        "base_height": 0.0,
        "build_year": 2005,
        "floors": 22,
        "property_type": "公寓",
        "color": [
          113,
          162,
          250
        ]
      },
      "geometry": {
        "type": "Polygon",
        "coordinates": [
          [
            [
              113.95050743236892,
              22.515363879402845
            ],
            [
              113.95098209789596,
              22.51552101831416
            ],
            [
              113.95084990017922,
              22.515920344606815
            ],
            [
              113.95037523465218,
              22.5157632056955
            ]
          ]
        ]
      }
    },
    {
      "type": "Feature",
      "id": "mock_0289",
      "properties": {
        "name": "建筑289",
        "height": 66.85594443408738,
        "base_height": 0.0,
        "build_year": 2010,
        "floors": 22,
        "property_type": "商住楼",
        "color": [
          160,
          125,
          232
        ]
      },
      "geometry": {
        "type": "Polygon",
        "coordinates": [
          [
            [
              113.97131733732225,
              22.528112653444037
            ],
            [
              113.97179972960465,
              22.52824417411115
            ],
            [
              113.97162300066823,
              22.528892381551675
            ],
            [
              113.97114060838582,
              22.52876086088456
            ]
          ]
        ]
      }
    },
    {
      "type": "Feature",
      "id": "mock_0290",
      "properties": {
        "name": "建筑290",
        "height": 36.49436135200728,
        "base_height": 0.0,
        "build_year": 2006,
        "floors": 12,
        "property_type": "公寓",
        "color": [
          107,
          156,
          244
        ]
      },
      "geometry": {
        "type": "Polygon",
        "coordinates": [
          [
            [
              113.93995069704776,
              22.48805846710385
            ],
            [
              113.94044284992661,
              22.488146702832683
            ],
            [
              113.94038648954073,
              22.48846106444704
            ],
            [
              113.93989433666188,
              22.48837282871821
            ]
          ]
        ]
      }
    },
    {
      "type": "Feature",
      "id": "mock_0291",
      "properties": {
        "name": "建筑291",
        "height": 42.933733184385346,
        "base_height": 0.0,
        "build_year": 2008,
        "floors": 14,
        "property_type": "住宅",
        "color": [
          78,
          138,
          188
        ]
      },
      "geometry": {
        "type": "Polygon",
        "coordinates": [
          [
            [
              113.88605603798143,
              22.584596487060583
            ],
            [
              113.88654215978319,
              22.58471347250349
            ],
            [
              113.8864643235446,
              22.58503691353688
            ],
            [
              113.88597820174284,
              22.58491992809397
            ]
          ]
        ]
      }
    },
    {
      "type": "Feature",
      "id": "mock_0292",
      "properties": {
        "name": "建筑292",
        "height": 33.76104159644429,
        "base_height": 0.0,
        "build_year": 2001,
        "floors": 11,
        "property_type": "住宅",
        "color": [
          76,
          136,
          186
        ]
      },
      "geometry": {
        "type": "Polygon",
        "coordinates": [
          [
            [
              113.98505732293712,
              22.534499423929777
            ],
            [
              113.98554997503449,
              22.53458482832641
            ],
            [
              113.98544101175055,
              22.53521337899218
            ],
            [
              113.98494835965319,
              22.535127974595547
            ]
          ]
        ]
      }
    },
    {
      "type": "Feature",
      "id": "mock_0293",
      "properties": {
        "name": "建筑293",
        "height": 81.10422087212187,
        "base_height": 0.0,
        "build_year": 2008,
        "floors": 27,
        "property_type": "商业综合体",
        "color": [
          221,
          108,
          108
        ]
      },
      "geometry": {
        "type": "Polygon",
        "coordinates": [
          [
            [
              113.98938929325529,
              22.555010704877617
            ],
            [
              113.98987794363134,
              22.55511663320236
            ],
            [
              113.98972003531956,
              22.555845068737575
            ],
            [
              113.98923138494351,
              22.555739140412832
            ]
          ]
        ]
      }
    },
    {
      "type": "Feature",
      "id": "mock_0294",
      "properties": {
        "name": "建筑294",
        "height": 21.70831830314541,
        "base_height": 0.0,
        "build_year": 2004,
        "floors": 7,
        "property_type": "商业综合体",
        "color": [
          209,
          96,
          96
        ]
      },
      "geometry": {
        "type": "Polygon",
        "coordinates": [
          [
            [
              113.95457917061655,
              22.581473282213388
            ],
            [
              113.9550215500464,
              22.581706306761568
            ],
            [
              113.95478123784459,
              22.582162521249046
            ],
            [
              113.95433885841474,
              22.581929496700866
            ]
          ]
        ]
      }
    },
    {
      "type": "Feature",
      "id": "mock_0295",
      "properties": {
        "name": "建筑295",
        "height": 87.75652150620212,
        "base_height": 0.0,
        "build_year": 2007,
        "floors": 29,
        "property_type": "商住楼",
        "color": [
          164,
          129,
          236
        ]
      },
      "geometry": {
        "type": "Polygon",
        "coordinates": [
          [
            [
              113.85395508230125,
              22.58334525816673
            ],
            [
              113.85445291318081,
              22.583391781444355
            ],
            [
              113.85438937001125,
              22.584071736804518
            ],
            [
              113.8538915391317,
              22.584025213526893
            ]
          ]
        ]
      }
    },
    {
      "type": "Feature",
      "id": "mock_0296",
      "properties": {
        "name": "建筑296",
        "height": 30.104113679087227,
        "base_height": 0.0,
        "build_year": 2005,
        "floors": 10,
        "property_type": "公寓",
        "color": [
          106,
          155,
          243
        ]
      },
      "geometry": {
        "type": "Polygon",
        "coordinates": [
          [
            [
              114.00204653632234,
              22.488365427128315
            ],
            [
              114.0025402305383,
              22.488444585331465
            ],
            [
              114.00246820349385,
              22.4888938039067
            ],
            [
              114.00197450927789,
              22.48881464570355
            ]
          ]
        ]
      }
    },
    {
      "type": "Feature",
      "id": "mock_0297",
      "properties": {
        "name": "建筑297",
        "height": 108.80362882211551,
        "base_height": 0.0,
        "build_year": 2011,
        "floors": 36,
        "property_type": "写字楼",
        "color": [
          126,
          126,
          126
        ]
      },
      "geometry": {
        "type": "Polygon",
        "coordinates": [
          [
            [
              113.96419860064195,
              22.55565510575133
            ],
            [
              113.96465272137766,
              22.55586432897517
            ],
            [
              113.96440280411109,
              22.556406776466783
            ],
            [
              113.96394868337538,
              22.556197553242946
            ]
          ]
        ]
      }
    },
    {
      "type": "Feature",
      "id": "mock_0298",
      "properties": {
        "name": "建筑298",
        "height": 63.65775781504844,
        "base_height": 0.0,
        "build_year": 2014,
        "floors": 21,
        "property_type": "商住楼",
        "color": [
          159,
          124,
          231
        ]
      },
      "geometry": {
        "type": "Polygon",
        "coordinates": [
          [
            [
              113.92136392162807,
              22.542352106066375
            ],
            [
              113.92184284715849,
              22.542495738710013
            ],
            [
              113.92172550569073,
              22.54288699952133
            ],
            [
              113.92124658016031,
              22.54274336687769
            ]
          ]
        ]
      }
    },
    {
      "type": "Feature",
      "id": "mock_0299",
      "properties": {
        "name": "建筑299",
        "height": 100.95315769840872,
        "base_height": 0.0,
        "build_year": 2014,
        "floors": 33,
        "property_type": "商住楼",
        "color": [
          167,
          132,
          239
        ]
      },
      "geometry": {
        "type": "Polygon",
        "coordinates": [
          [
            [
              113.94246213393423,
              22.520718731844806
            ],
            [
              113.94292975539682,
              22.52089573514345
            ],
            [
              113.9426951934956,
              22.521515419523116
            ],
            [
              113.942227572033,
              22.52133841622447
            ]
          ]
        ]
      }
    }
  ]
}