{
  "type": "FeatureCollection",
  "features": [
    {
      "type": "Feature",
      "geometry": {
        "type": "Point",
        "coordinates": [
          116.379008,
          39.865012
        ]
      },
      "properties": {
        "station_id": "BV10006454",
        "station_name": "北京南站",
        "city": "北京",
        "congestion_index": 0.99,
        "crowd_level": "爆满",
        "crowd_color": "red",
        "size_multiplier": 2.5,
        "status": "拥堵",
        "speed": 10.5,
        "road_count": 15,
        "is_transfer": true,
        "timestamp": "2026-06-05T16:23:35.221594"
      }
    },
    {
      "type": "Feature",
      "geometry": {
        "type": "Point",
        "coordinates": [
          116.461841,
          39.909104
        ]
      },
      "properties": {
        "station_id": "BV10013461",
        "station_name": "国贸",
        "city": "北京",
        "congestion_index": 1.0,
        "crowd_level": "爆满",
        "crowd_color": "red",
        "size_multiplier": 2.5,
        "status": "严重拥堵",
        "speed": 0.0,
        "road_count": 17,
        "is_transfer": true,
        "timestamp": "2026-06-05T16:23:35.221625"
      }
    },
    {
      "type": "Feature",
      "geometry": {
        "type": "Point",
        "coordinates": [
          116.458103,
          39.866135
        ]
      },
      "properties": {
        "station_id": "BV10013367",
        "station_name": "十里河",
        "city": "北京",
        "congestion_index": 1.0,
        "crowd_level": "爆满",
        "crowd_color": "red",
        "size_multiplier": 2.5,
        "status": "严重拥堵",
        "speed": 3.5,
        "road_count": 11,
        "is_transfer": true,
        "timestamp": "2026-06-05T16:23:35.221641"
      }
    },
    {
      "type": "Feature",
      "geometry": {
        "type": "Point",
        "coordinates": [
          116.428368,
          39.845849
        ]
      },
      "properties": {
        "station_id": "BV10000743",
        "station_name": "宋家庄",
        "city": "北京",
        "congestion_index": 1.0,
        "crowd_level": "爆满",
        "crowd_color": "red",
        "size_multiplier": 2.5,
        "status": "严重拥堵",
        "speed": 0.0,
        "road_count": 20,
        "is_transfer": true,
        "timestamp": "2026-06-05T16:23:35.221654"
      }
    },
    {
      "type": "Feature",
      "geometry": {
        "type": "Point",
        "coordinates": [
          116.321262,
          39.894763
        ]
      },
      "properties": {
        "station_id": "BV10000102",
        "station_name": "北京西站",
        "city": "北京",
        "congestion_index": 1.0,
        "crowd_level": "爆满",
        "crowd_color": "red",
        "size_multiplier": 2.5,
        "status": "严重拥堵",
        "speed": 5.2,
        "road_count": 16,
        "is_transfer": true,
        "timestamp": "2026-06-05T16:23:35.221666"
      }
    },
    {
      "type": "Feature",
      "geometry": {
        "type": "Point",
        "coordinates": [
          116.319932,
          39.670342
        ]
      },
      "properties": {
        "station_id": "BV10003869",
        "station_name": "天宫院",
        "city": "北京",
        "congestion_index": 0.274,
        "crowd_level": "舒适",
        "crowd_color": "green",
        "size_multiplier": 1.0,
        "status": "畅通",
        "speed": 43.6,
        "road_count": 4,
        "is_transfer": false,
        "timestamp": "2026-06-05T16:23:35.221678"
      }
    },
    {
      "type": "Feature",
      "geometry": {
        "type": "Point",
        "coordinates": [
          116.351387,
          39.845869
        ]
      },
      "properties": {
        "station_id": "BV10000222",
        "station_name": "草桥",
        "city": "北京",
        "congestion_index": 1.0,
        "crowd_level": "爆满",
        "crowd_color": "red",
        "size_multiplier": 2.5,
        "status": "严重拥堵",
        "speed": 8.3,
        "road_count": 12,
        "is_transfer": true,
        "timestamp": "2026-06-05T16:23:35.221690"
      }
    },
    {
      "type": "Feature",
      "geometry": {
        "type": "Point",
        "coordinates": [
          116.302808,
          39.880239
        ]
      },
      "properties": {
        "station_id": "BV10013475",
        "station_name": "六里桥",
        "city": "北京",
        "congestion_index": 1.0,
        "crowd_level": "爆满",
        "crowd_color": "red",
        "size_multiplier": 2.5,
        "status": "严重拥堵",
        "speed": 0.0,
        "road_count": 14,
        "is_transfer": true,
        "timestamp": "2026-06-05T16:23:35.221701"
      }
    },
    {
      "type": "Feature",
      "geometry": {
        "type": "Point",
        "coordinates": [
          116.355426,
          39.940474
        ]
      },
      "properties": {
        "station_id": "BV10001595",
        "station_name": "西直门",
        "city": "北京",
        "congestion_index": 1.0,
        "crowd_level": "爆满",
        "crowd_color": "red",
        "size_multiplier": 2.5,
        "status": "严重拥堵",
        "speed": 0.0,
        "road_count": 22,
        "is_transfer": true,
        "timestamp": "2026-06-05T16:23:35.221711"
      }
    },
    {
      "type": "Feature",
      "geometry": {
        "type": "Point",
        "coordinates": [
          116.435842,
          39.941626
        ]
      },
      "properties": {
        "station_id": "BV10002731",
        "station_name": "东直门",
        "city": "北京",
        "congestion_index": 1.0,
        "crowd_level": "爆满",
        "crowd_color": "red",
        "size_multiplier": 2.5,
        "status": "严重拥堵",
        "speed": 0.0,
        "road_count": 24,
        "is_transfer": true,
        "timestamp": "2026-06-05T16:23:35.221721"
      }
    },
    {
      "type": "Feature",
      "geometry": {
        "type": "Point",
        "coordinates": [
          116.313698,
          40.104297
        ]
      },
      "properties": {
        "station_id": "BV10000571",
        "station_name": "朱辛庄",
        "city": "北京",
        "congestion_index": 0.214,
        "crowd_level": "舒适",
        "crowd_color": "green",
        "size_multiplier": 1.0,
        "status": "畅通",
        "speed": 47.2,
        "road_count": 9,
        "is_transfer": false,
        "timestamp": "2026-06-05T16:23:35.221729"
      }
    },
    {
      "type": "Feature",
      "geometry": {
        "type": "Point",
        "coordinates": [
          116.288865,
          40.148278
        ]
      },
      "properties": {
        "station_id": "BV10000338",
        "station_name": "沙河",
        "city": "北京",
        "congestion_index": 0.37,
        "crowd_level": "普通",
        "crowd_color": "yellow",
        "size_multiplier": 1.5,
        "status": "缓行",
        "speed": 37.8,
        "road_count": 3,
        "is_transfer": false,
        "timestamp": "2026-06-05T16:23:35.221741"
      }
    },
    {
      "type": "Feature",
      "geometry": {
        "type": "Point",
        "coordinates": [
          116.304501,
          39.850249
        ]
      },
      "properties": {
        "station_id": "BV10013495",
        "station_name": "丰台站",
        "city": "北京",
        "congestion_index": 1.0,
        "crowd_level": "爆满",
        "crowd_color": "red",
        "size_multiplier": 2.5,
        "status": "严重拥堵",
        "speed": 0.0,
        "road_count": 17,
        "is_transfer": true,
        "timestamp": "2026-06-05T16:23:35.221752"
      }
    },
    {
      "type": "Feature",
      "geometry": {
        "type": "Point",
        "coordinates": [
          116.456997,
          39.961508
        ]
      },
      "properties": {
        "station_id": "BV10000199",
        "station_name": "三元桥",
        "city": "北京",
        "congestion_index": 1.0,
        "crowd_level": "爆满",
        "crowd_color": "red",
        "size_multiplier": 2.5,
        "status": "严重拥堵",
        "speed": 0.0,
        "road_count": 21,
        "is_transfer": true,
        "timestamp": "2026-06-05T16:23:35.221762"
      }
    },
    {
      "type": "Feature",
      "geometry": {
        "type": "Point",
        "coordinates": [
          116.365549,
          39.812592
        ]
      },
      "properties": {
        "station_id": "BV10013418",
        "station_name": "新宫",
        "city": "北京",
        "congestion_index": 1.0,
        "crowd_level": "爆满",
        "crowd_color": "red",
        "size_multiplier": 2.5,
        "status": "严重拥堵",
        "speed": 2.0,
        "road_count": 17,
        "is_transfer": true,
        "timestamp": "2026-06-05T16:23:35.221772"
      }
    },
    {
      "type": "Feature",
      "geometry": {
        "type": "Point",
        "coordinates": [
          116.369619,
          39.976388
        ]
      },
      "properties": {
        "station_id": "BV10000017",
        "station_name": "牡丹园",
        "city": "北京",
        "congestion_index": 1.0,
        "crowd_level": "爆满",
        "crowd_color": "red",
        "size_multiplier": 2.5,
        "status": "严重拥堵",
        "speed": 6.5,
        "road_count": 15,
        "is_transfer": true,
        "timestamp": "2026-06-05T16:23:35.221783"
      }
    },
    {
      "type": "Feature",
      "geometry": {
        "type": "Point",
        "coordinates": [
          116.23359,
          40.22055
        ]
      },
      "properties": {
        "station_id": "BV10013482",
        "station_name": "昌平",
        "city": "北京",
        "congestion_index": 0.551,
        "crowd_level": "拥挤",
        "crowd_color": "orange",
        "size_multiplier": 2.0,
        "status": "缓行",
        "speed": 27.0,
        "road_count": 7,
        "is_transfer": false,
        "timestamp": "2026-06-05T16:23:35.221794"
      }
    },
    {
      "type": "Feature",
      "geometry": {
        "type": "Point",
        "coordinates": [
          116.391758,
          40.002207
        ]
      },
      "properties": {
        "station_id": "BV10013375",
        "station_name": "奥林匹克公园",
        "city": "北京",
        "congestion_index": 1.0,
        "crowd_level": "爆满",
        "crowd_color": "red",
        "size_multiplier": 2.5,
        "status": "严重拥堵",
        "speed": 0.0,
        "road_count": 10,
        "is_transfer": true,
        "timestamp": "2026-06-05T16:23:35.221806"
      }
    },
    {
      "type": "Feature",
      "geometry": {
        "type": "Point",
        "coordinates": [
          116.435914,
          39.977636
        ]
      },
      "properties": {
        "station_id": "BV10006575",
        "station_name": "芍药居",
        "city": "北京",
        "congestion_index": 1.0,
        "crowd_level": "爆满",
        "crowd_color": "red",
        "size_multiplier": 2.5,
        "status": "严重拥堵",
        "speed": 7.2,
        "road_count": 16,
        "is_transfer": true,
        "timestamp": "2026-06-05T16:23:35.221816"
      }
    },
    {
      "type": "Feature",
      "geometry": {
        "type": "Point",
        "coordinates": [
          116.273987,
          39.907456
        ]
      },
      "properties": {
        "station_id": "BV10013457",
        "station_name": "五棵松",
        "city": "北京",
        "congestion_index": 0.374,
        "crowd_level": "普通",
        "crowd_color": "yellow",
        "size_multiplier": 1.5,
        "status": "缓行",
        "speed": 37.5,
        "road_count": 7,
        "is_transfer": false,
        "timestamp": "2026-06-05T16:23:35.221827"
      }
    },
    {
      "type": "Feature",
      "geometry": {
        "type": "Point",
        "coordinates": [
          116.463738,
          39.893352
        ]
      },
      "properties": {
        "station_id": "BV10013385",
        "station_name": "双井",
        "city": "北京",
        "congestion_index": 1.0,
        "crowd_level": "爆满",
        "crowd_color": "red",
        "size_multiplier": 2.5,
        "status": "严重拥堵",
        "speed": 8.3,
        "road_count": 12,
        "is_transfer": true,
        "timestamp": "2026-06-05T16:23:35.221838"
      }
    },
    {
      "type": "Feature",
      "geometry": {
        "type": "Point",
        "coordinates": [
          116.469409,
          39.998521
        ]
      },
      "properties": {
        "station_id": "BV10013356",
        "station_name": "望京",
        "city": "北京",
        "congestion_index": 1.0,
        "crowd_level": "爆满",
        "crowd_color": "red",
        "size_multiplier": 2.5,
        "status": "严重拥堵",
        "speed": 0.0,
        "road_count": 15,
        "is_transfer": true,
        "timestamp": "2026-06-05T16:23:35.221848"
      }
    },
    {
      "type": "Feature",
      "geometry": {
        "type": "Point",
        "coordinates": [
          116.475783,
          39.908287
        ]
      },
      "properties": {
        "station_id": "BV10013364",
        "station_name": "大望路",
        "city": "北京",
        "congestion_index": 1.0,
        "crowd_level": "爆满",
        "crowd_color": "red",
        "size_multiplier": 2.5,
        "status": "严重拥堵",
        "speed": 0.0,
        "road_count": 15,
        "is_transfer": true,
        "timestamp": "2026-06-05T16:23:35.221858"
      }
    },
    {
      "type": "Feature",
      "geometry": {
        "type": "Point",
        "coordinates": [
          116.394194,
          39.977601
        ]
      },
      "properties": {
        "station_id": "BV10013465",
        "station_name": "北土城",
        "city": "北京",
        "congestion_index": 1.0,
        "crowd_level": "爆满",
        "crowd_color": "red",
        "size_multiplier": 2.5,
        "status": "严重拥堵",
        "speed": 0.0,
        "road_count": 14,
        "is_transfer": true,
        "timestamp": "2026-06-05T16:23:35.221869"
      }
    },
    {
      "type": "Feature",
      "geometry": {
        "type": "Point",
        "coordinates": [
          116.411571,
          39.908069
        ]
      },
      "properties": {
        "station_id": "BV10006496",
        "station_name": "王府井",
        "city": "北京",
        "congestion_index": 0.954,
        "crowd_level": "爆满",
        "crowd_color": "red",
        "size_multiplier": 2.5,
        "status": "拥堵",
        "speed": 12.3,
        "road_count": 12,
        "is_transfer": true,
        "timestamp": "2026-06-05T16:23:35.221879"
      }
    },
    {
      "type": "Feature",
      "geometry": {
        "type": "Point",
        "coordinates": [
          116.657023,
          40.129994
        ]
      },
      "properties": {
        "station_id": "BV10013405",
        "station_name": "顺义",
        "city": "北京",
        "congestion_index": 0.24,
        "crowd_level": "舒适",
        "crowd_color": "green",
        "size_multiplier": 1.0,
        "status": "畅通",
        "speed": 45.6,
        "road_count": 7,
        "is_transfer": false,
        "timestamp": "2026-06-05T16:23:35.221890"
      }
    },
    {
      "type": "Feature",
      "geometry": {
        "type": "Point",
        "coordinates": [
          116.448982,
          39.760713
        ]
      },
      "properties": {
        "station_id": "BV11640690",
        "station_name": "瀛海",
        "city": "北京",
        "congestion_index": 0.379,
        "crowd_level": "普通",
        "crowd_color": "yellow",
        "size_multiplier": 1.5,
        "status": "缓行",
        "speed": 37.3,
        "road_count": 4,
        "is_transfer": false,
        "timestamp": "2026-06-05T16:23:35.221901"
      }
    },
    {
      "type": "Feature",
      "geometry": {
        "type": "Point",
        "coordinates": [
          116.564211,
          40.114127
        ]
      },
      "properties": {
        "station_id": "BV10009387",
        "station_name": "后沙峪",
        "city": "北京",
        "congestion_index": 0.324,
        "crowd_level": "普通",
        "crowd_color": "yellow",
        "size_multiplier": 1.5,
        "status": "缓行",
        "speed": 40.6,
        "road_count": 4,
        "is_transfer": false,
        "timestamp": "2026-06-05T16:23:35.221912"
      }
    },
    {
      "type": "Feature",
      "geometry": {
        "type": "Point",
        "coordinates": [
          116.397937,
          39.900192
        ]
      },
      "properties": {
        "station_id": "BV10005884",
        "station_name": "前门",
        "city": "北京",
        "congestion_index": 1.0,
        "crowd_level": "爆满",
        "crowd_color": "red",
        "size_multiplier": 2.5,
        "status": "严重拥堵",
        "speed": 3.7,
        "road_count": 14,
        "is_transfer": true,
        "timestamp": "2026-06-05T16:23:35.221923"
      }
    },
    {
      "type": "Feature",
      "geometry": {
        "type": "Point",
        "coordinates": [
          116.306295,
          40.053034
        ]
      },
      "properties": {
        "station_id": "BV10007027",
        "station_name": "西二旗",
        "city": "北京",
        "congestion_index": 1.0,
        "crowd_level": "爆满",
        "crowd_color": "red",
        "size_multiplier": 2.5,
        "status": "严重拥堵",
        "speed": 0.0,
        "road_count": 20,
        "is_transfer": false,
        "timestamp": "2026-06-05T16:23:35.221932"
      }
    },
    {
      "type": "Feature",
      "geometry": {
        "type": "Point",
        "coordinates": [
          116.212692,
          39.763871
        ]
      },
      "properties": {
        "station_id": "BV10013425",
        "station_name": "长阳",
        "city": "北京",
        "congestion_index": 0.379,
        "crowd_level": "普通",
        "crowd_color": "yellow",
        "size_multiplier": 1.5,
        "status": "缓行",
        "speed": 37.3,
        "road_count": 5,
        "is_transfer": false,
        "timestamp": "2026-06-05T16:23:35.221941"
      }
    },
    {
      "type": "Feature",
      "geometry": {
        "type": "Point",
        "coordinates": [
          116.374276,
          39.907379
        ]
      },
      "properties": {
        "station_id": "BV10006791",
        "station_name": "西单",
        "city": "北京",
        "congestion_index": 1.0,
        "crowd_level": "爆满",
        "crowd_color": "red",
        "size_multiplier": 2.5,
        "status": "严重拥堵",
        "speed": 0.0,
        "road_count": 21,
        "is_transfer": true,
        "timestamp": "2026-06-05T16:23:35.221952"
      }
    },
    {
      "type": "Feature",
      "geometry": {
        "type": "Point",
        "coordinates": [
          116.684732,
          40.132573
        ]
      },
      "properties": {
        "station_id": "BV10002186",
        "station_name": "俸伯",
        "city": "北京",
        "congestion_index": 0.166,
        "crowd_level": "舒适",
        "crowd_color": "green",
        "size_multiplier": 1.0,
        "status": "畅通",
        "speed": 50.0,
        "road_count": 4,
        "is_transfer": false,
        "timestamp": "2026-06-05T16:23:35.221960"
      }
    },
    {
      "type": "Feature",
      "geometry": {
        "type": "Point",
        "coordinates": [
          116.336116,
          40.0708
        ]
      },
      "properties": {
        "station_id": "BV10013514",
        "station_name": "回龙观",
        "city": "北京",
        "congestion_index": 0.793,
        "crowd_level": "拥挤",
        "crowd_color": "orange",
        "size_multiplier": 2.0,
        "status": "拥堵",
        "speed": 20.3,
        "road_count": 15,
        "is_transfer": true,
        "timestamp": "2026-06-05T16:23:35.221969"
      }
    },
    {
      "type": "Feature",
      "geometry": {
        "type": "Point",
        "coordinates": [
          116.252888,
          39.907433
        ]
      },
      "properties": {
        "station_id": "BV10013456",
        "station_name": "玉泉路",
        "city": "北京",
        "congestion_index": 0.618,
        "crowd_level": "拥挤",
        "crowd_color": "orange",
        "size_multiplier": 2.0,
        "status": "拥堵",
        "speed": 22.9,
        "road_count": 6,
        "is_transfer": false,
        "timestamp": "2026-06-05T16:23:35.221981"
      }
    },
    {
      "type": "Feature",
      "geometry": {
        "type": "Point",
        "coordinates": [
          116.396219,
          39.937583
        ]
      },
      "properties": {
        "station_id": "BV10013462",
        "station_name": "什刹海",
        "city": "北京",
        "congestion_index": 0.345,
        "crowd_level": "普通",
        "crowd_color": "yellow",
        "size_multiplier": 1.5,
        "status": "缓行",
        "speed": 39.3,
        "road_count": 5,
        "is_transfer": false,
        "timestamp": "2026-06-05T16:23:35.221992"
      }
    },
    {
      "type": "Feature",
      "geometry": {
        "type": "Point",
        "coordinates": [
          116.337742,
          39.992894
        ]
      },
      "properties": {
        "station_id": "BV10006886",
        "station_name": "五道口",
        "city": "北京",
        "congestion_index": 1.0,
        "crowd_level": "爆满",
        "crowd_color": "red",
        "size_multiplier": 2.5,
        "status": "严重拥堵",
        "speed": 0.0,
        "road_count": 24,
        "is_transfer": false,
        "timestamp": "2026-06-05T16:23:35.222002"
      }
    },
    {
      "type": "Feature",
      "geometry": {
        "type": "Point",
        "coordinates": [
          116.661482,
          39.918368
        ]
      },
      "properties": {
        "station_id": "BV10416643",
        "station_name": "通州北关",
        "city": "北京",
        "congestion_index": 1.0,
        "crowd_level": "爆满",
        "crowd_color": "red",
        "size_multiplier": 2.5,
        "status": "严重拥堵",
        "speed": 5.2,
        "road_count": 12,
        "is_transfer": true,
        "timestamp": "2026-06-05T16:23:35.222013"
      }
    },
    {
      "type": "Feature",
      "geometry": {
        "type": "Point",
        "coordinates": [
          116.427287,
          39.904983
        ]
      },
      "properties": {
        "station_id": "BV10006813",
        "station_name": "北京站",
        "city": "北京",
        "congestion_index": 0.442,
        "crowd_level": "普通",
        "crowd_color": "yellow",
        "size_multiplier": 1.5,
        "status": "缓行",
        "speed": 33.5,
        "road_count": 4,
        "is_transfer": false,
        "timestamp": "2026-06-05T16:23:35.222024"
      }
    },
    {
      "type": "Feature",
      "geometry": {
        "type": "Point",
        "coordinates": [
          116.401216,
          39.90778
        ]
      },
      "properties": {
        "station_id": "BV10006499",
        "station_name": "天安门东",
        "city": "北京",
        "congestion_index": 0.542,
        "crowd_level": "普通",
        "crowd_color": "yellow",
        "size_multiplier": 1.5,
        "status": "缓行",
        "speed": 27.5,
        "road_count": 6,
        "is_transfer": false,
        "timestamp": "2026-06-05T16:23:35.222035"
      }
    },
    {
      "type": "Feature",
      "geometry": {
        "type": "Point",
        "coordinates": [
          116.434508,
          39.924487
        ]
      },
      "properties": {
        "station_id": "BV10004298",
        "station_name": "朝阳门",
        "city": "北京",
        "congestion_index": 1.0,
        "crowd_level": "爆满",
        "crowd_color": "red",
        "size_multiplier": 2.5,
        "status": "严重拥堵",
        "speed": 5.0,
        "road_count": 17,
        "is_transfer": true,
        "timestamp": "2026-06-05T16:23:35.222046"
      }
    },
    {
      "type": "Feature",
      "geometry": {
        "type": "Point",
        "coordinates": [
          116.328689,
          39.7898
        ]
      },
      "properties": {
        "station_id": "BV10000383",
        "station_name": "西红门",
        "city": "北京",
        "congestion_index": 0.61,
        "crowd_level": "拥挤",
        "crowd_color": "orange",
        "size_multiplier": 2.0,
        "status": "拥堵",
        "speed": 23.4,
        "road_count": 4,
        "is_transfer": false,
        "timestamp": "2026-06-05T16:23:35.222056"
      }
    },
    {
      "type": "Feature",
      "geometry": {
        "type": "Point",
        "coordinates": [
          116.412316,
          40.052987
        ]
      },
      "properties": {
        "station_id": "BV10000461",
        "station_name": "立水桥",
        "city": "北京",
        "congestion_index": 0.625,
        "crowd_level": "拥挤",
        "crowd_color": "orange",
        "size_multiplier": 2.0,
        "status": "缓行",
        "speed": 28.7,
        "road_count": 11,
        "is_transfer": true,
        "timestamp": "2026-06-05T16:23:35.222066"
      }
    },
    {
      "type": "Feature",
      "geometry": {
        "type": "Point",
        "coordinates": [
          116.747507,
          39.902827
        ]
      },
      "properties": {
        "station_id": "BV10416639",
        "station_name": "潞城",
        "city": "北京",
        "congestion_index": 0.471,
        "crowd_level": "普通",
        "crowd_color": "yellow",
        "size_multiplier": 1.5,
        "status": "缓行",
        "speed": 31.7,
        "road_count": 7,
        "is_transfer": false,
        "timestamp": "2026-06-05T16:23:35.222077"
      }
    },
    {
      "type": "Feature",
      "geometry": {
        "type": "Point",
        "coordinates": [
          116.448213,
          39.973816
        ]
      },
      "properties": {
        "station_id": "BV10013488",
        "station_name": "太阳宫",
        "city": "北京",
        "congestion_index": 1.0,
        "crowd_level": "爆满",
        "crowd_color": "red",
        "size_multiplier": 2.5,
        "status": "严重拥堵",
        "speed": 6.7,
        "road_count": 14,
        "is_transfer": true,
        "timestamp": "2026-06-05T16:23:35.222087"
      }
    },
    {
      "type": "Feature",
      "geometry": {
        "type": "Point",
        "coordinates": [
          116.41289,
          40.075248
        ]
      },
      "properties": {
        "station_id": "BV10013446",
        "station_name": "天通苑",
        "city": "北京",
        "congestion_index": 1.0,
        "crowd_level": "爆满",
        "crowd_color": "red",
        "size_multiplier": 2.5,
        "status": "严重拥堵",
        "speed": 4.0,
        "road_count": 13,
        "is_transfer": true,
        "timestamp": "2026-06-05T16:23:35.222098"
      }
    },
    {
      "type": "Feature",
      "geometry": {
        "type": "Point",
        "coordinates": [
          116.447987,
          39.99416
        ]
      },
      "properties": {
        "station_id": "BV10013377",
        "station_name": "望京西",
        "city": "北京",
        "congestion_index": 1.0,
        "crowd_level": "爆满",
        "crowd_color": "red",
        "size_multiplier": 2.5,
        "status": "严重拥堵",
        "speed": 0.0,
        "road_count": 16,
        "is_transfer": true,
        "timestamp": "2026-06-05T16:23:35.222108"
      }
    },
    {
      "type": "Feature",
      "geometry": {
        "type": "Point",
        "coordinates": [
          116.497768,
          39.89253
        ]
      },
      "properties": {
        "station_id": "BV10000647",
        "station_name": "百子湾",
        "city": "北京",
        "congestion_index": 0.446,
        "crowd_level": "普通",
        "crowd_color": "yellow",
        "size_multiplier": 1.5,
        "status": "缓行",
        "speed": 33.3,
        "road_count": 9,
        "is_transfer": false,
        "timestamp": "2026-06-05T16:23:35.222118"
      }
    },
    {
      "type": "Feature",
      "geometry": {
        "type": "Point",
        "coordinates": [
          116.162586,
          39.923298
        ]
      },
      "properties": {
        "station_id": "BV11494889",
        "station_name": "金安桥",
        "city": "北京",
        "congestion_index": 1.0,
        "crowd_level": "爆满",
        "crowd_color": "red",
        "size_multiplier": 2.5,
        "status": "严重拥堵",
        "speed": 0.0,
        "road_count": 11,
        "is_transfer": true,
        "timestamp": "2026-06-05T16:23:35.222128"
      }
    },
    {
      "type": "Feature",
      "geometry": {
        "type": "Point",
        "coordinates": [
          116.539835,
          39.7729
        ]
      },
      "properties": {
        "station_id": "BV10007921",
        "station_name": "同济南路",
        "city": "北京",
        "congestion_index": 0.593,
        "crowd_level": "拥挤",
        "crowd_color": "orange",
        "size_multiplier": 2.0,
        "status": "缓行",
        "speed": 24.4,
        "road_count": 9,
        "is_transfer": false,
        "timestamp": "2026-06-05T16:23:35.222139"
      }
    },
    {
      "type": "Feature",
      "geometry": {
        "type": "Point",
        "coordinates": [
          116.314961,
          40.041164
        ]
      },
      "properties": {
        "station_id": "BV11467455",
        "station_name": "清河站",
        "city": "北京",
        "congestion_index": 0.248,
        "crowd_level": "舒适",
        "crowd_color": "green",
        "size_multiplier": 1.0,
        "status": "畅通",
        "speed": 45.1,
        "road_count": 4,
        "is_transfer": false,
        "timestamp": "2026-06-05T16:23:35.222150"
      }
    },
    {
      "type": "Feature",
      "geometry": {
        "type": "Point",
        "coordinates": [
          116.320202,
          39.844463
        ]
      },
      "properties": {
        "station_id": "BV10013494",
        "station_name": "首经贸",
        "city": "北京",
        "congestion_index": 0.261,
        "crowd_level": "舒适",
        "crowd_color": "green",
        "size_multiplier": 1.0,
        "status": "畅通",
        "speed": 44.3,
        "road_count": 8,
        "is_transfer": false,
        "timestamp": "2026-06-05T16:23:35.222161"
      }
    },
    {
      "type": "Feature",
      "geometry": {
        "type": "Point",
        "coordinates": [
          116.450379,
          39.922852
        ]
      },
      "properties": {
        "station_id": "BV10000548",
        "station_name": "东大桥",
        "city": "北京",
        "congestion_index": 1.0,
        "crowd_level": "爆满",
        "crowd_color": "red",
        "size_multiplier": 2.5,
        "status": "严重拥堵",
        "speed": 0.0,
        "road_count": 13,
        "is_transfer": true,
        "timestamp": "2026-06-05T16:23:35.222171"
      }
    },
    {
      "type": "Feature",
      "geometry": {
        "type": "Point",
        "coordinates": [
          116.404192,
          39.933848
        ]
      },
      "properties": {
        "station_id": "BV10013392",
        "station_name": "南锣鼓巷",
        "city": "北京",
        "congestion_index": 1.0,
        "crowd_level": "爆满",
        "crowd_color": "red",
        "size_multiplier": 2.5,
        "status": "严重拥堵",
        "speed": 0.0,
        "road_count": 12,
        "is_transfer": true,
        "timestamp": "2026-06-05T16:23:35.222182"
      }
    },
    {
      "type": "Feature",
      "geometry": {
        "type": "Point",
        "coordinates": [
          116.187193,
          39.8581
        ]
      },
      "properties": {
        "station_id": "BV10006917",
        "station_name": "张郭庄",
        "city": "北京",
        "congestion_index": 1.0,
        "crowd_level": "爆满",
        "crowd_color": "red",
        "size_multiplier": 2.5,
        "status": "严重拥堵",
        "speed": 0.0,
        "road_count": 11,
        "is_transfer": true,
        "timestamp": "2026-06-05T16:23:35.222194"
      }
    },
    {
      "type": "Feature",
      "geometry": {
        "type": "Point",
        "coordinates": [
          116.371154,
          39.84585
        ]
      },
      "properties": {
        "station_id": "BV10013417",
        "station_name": "角门西",
        "city": "北京",
        "congestion_index": 1.0,
        "crowd_level": "爆满",
        "crowd_color": "red",
        "size_multiplier": 2.5,
        "status": "严重拥堵",
        "speed": 0.0,
        "road_count": 15,
        "is_transfer": true,
        "timestamp": "2026-06-05T16:23:35.222205"
      }
    },
    {
      "type": "Feature",
      "geometry": {
        "type": "Point",
        "coordinates": [
          116.416909,
          39.901085
        ]
      },
      "properties": {
        "station_id": "BV10013433",
        "station_name": "崇文门",
        "city": "北京",
        "congestion_index": 1.0,
        "crowd_level": "爆满",
        "crowd_color": "red",
        "size_multiplier": 2.5,
        "status": "严重拥堵",
        "speed": 1.7,
        "road_count": 10,
        "is_transfer": true,
        "timestamp": "2026-06-05T16:23:35.222216"
      }
    },
    {
      "type": "Feature",
      "geometry": {
        "type": "Point",
        "coordinates": [
          116.460926,
          39.875387
        ]
      },
      "properties": {
        "station_id": "BV10000543",
        "station_name": "潘家园",
        "city": "北京",
        "congestion_index": 0.618,
        "crowd_level": "拥挤",
        "crowd_color": "orange",
        "size_multiplier": 2.0,
        "status": "拥堵",
        "speed": 22.9,
        "road_count": 8,
        "is_transfer": false,
        "timestamp": "2026-06-05T16:23:35.222227"
      }
    },
    {
      "type": "Feature",
      "geometry": {
        "type": "Point",
        "coordinates": [
          116.31029,
          39.907478
        ]
      },
      "properties": {
        "station_id": "BV10000306",
        "station_name": "公主坟",
        "city": "北京",
        "congestion_index": 1.0,
        "crowd_level": "爆满",
        "crowd_color": "red",
        "size_multiplier": 2.5,
        "status": "严重拥堵",
        "speed": 0.0,
        "road_count": 14,
        "is_transfer": true,
        "timestamp": "2026-06-05T16:23:35.222238"
      }
    },
    {
      "type": "Feature",
      "geometry": {
        "type": "Point",
        "coordinates": [
          116.461601,
          39.923317
        ]
      },
      "properties": {
        "station_id": "BV10013489",
        "station_name": "呼家楼",
        "city": "北京",
        "congestion_index": 0.97,
        "crowd_level": "爆满",
        "crowd_color": "red",
        "size_multiplier": 2.5,
        "status": "拥堵",
        "speed": 11.5,
        "road_count": 11,
        "is_transfer": true,
        "timestamp": "2026-06-05T16:23:35.222248"
      }
    },
    {
      "type": "Feature",
      "geometry": {
        "type": "Point",
        "coordinates": [
          116.591563,
          39.80355
        ]
      },
      "properties": {
        "station_id": "BV10011266",
        "station_name": "次渠",
        "city": "北京",
        "congestion_index": 0.391,
        "crowd_level": "普通",
        "crowd_color": "yellow",
        "size_multiplier": 1.5,
        "status": "缓行",
        "speed": 36.5,
        "road_count": 8,
        "is_transfer": false,
        "timestamp": "2026-06-05T16:23:35.222259"
      }
    },
    {
      "type": "Feature",
      "geometry": {
        "type": "Point",
        "coordinates": [
          116.315024,
          39.887125
        ]
      },
      "properties": {
        "station_id": "BV10000269",
        "station_name": "六里桥东",
        "city": "北京",
        "congestion_index": 0.58,
        "crowd_level": "拥挤",
        "crowd_color": "orange",
        "size_multiplier": 2.0,
        "status": "缓行",
        "speed": 25.2,
        "road_count": 7,
        "is_transfer": false,
        "timestamp": "2026-06-05T16:23:35.222270"
      }
    },
    {
      "type": "Feature",
      "geometry": {
        "type": "Point",
        "coordinates": [
          116.51751,
          39.922919
        ]
      },
      "properties": {
        "station_id": "BV10013507",
        "station_name": "青年路",
        "city": "北京",
        "congestion_index": 0.295,
        "crowd_level": "舒适",
        "crowd_color": "green",
        "size_multiplier": 1.0,
        "status": "畅通",
        "speed": 42.3,
        "road_count": 7,
        "is_transfer": false,
        "timestamp": "2026-06-05T16:23:35.222281"
      }
    },
    {
      "type": "Feature",
      "geometry": {
        "type": "Point",
        "coordinates": [
          116.599722,
          39.925696
        ]
      },
      "properties": {
        "station_id": "BV10006429",
        "station_name": "常营",
        "city": "北京",
        "congestion_index": 0.412,
        "crowd_level": "普通",
        "crowd_color": "yellow",
        "size_multiplier": 1.5,
        "status": "缓行",
        "speed": 35.3,
        "road_count": 6,
        "is_transfer": false,
        "timestamp": "2026-06-05T16:23:35.222291"
      }
    },
    {
      "type": "Feature",
      "geometry": {
        "type": "Point",
        "coordinates": [
          116.417492,
          39.924562
        ]
      },
      "properties": {
        "station_id": "BV10013442",
        "station_name": "东四",
        "city": "北京",
        "congestion_index": 0.965,
        "crowd_level": "爆满",
        "crowd_color": "red",
        "size_multiplier": 2.5,
        "status": "拥堵",
        "speed": 11.8,
        "road_count": 10,
        "is_transfer": true,
        "timestamp": "2026-06-05T16:23:35.222302"
      }
    },
    {
      "type": "Feature",
      "geometry": {
        "type": "Point",
        "coordinates": [
          116.460186,
          39.933734
        ]
      },
      "properties": {
        "station_id": "BV10011994",
        "station_name": "团结湖",
        "city": "北京",
        "congestion_index": 1.0,
        "crowd_level": "爆满",
        "crowd_color": "red",
        "size_multiplier": 2.5,
        "status": "严重拥堵",
        "speed": 2.7,
        "road_count": 14,
        "is_transfer": true,
        "timestamp": "2026-06-05T16:23:35.222313"
      }
    },
    {
      "type": "Feature",
      "geometry": {
        "type": "Point",
        "coordinates": [
          116.420833,
          39.882558
        ]
      },
      "properties": {
        "station_id": "BV10013439",
        "station_name": "天坛东门",
        "city": "北京",
        "congestion_index": 0.274,
        "crowd_level": "舒适",
        "crowd_color": "green",
        "size_multiplier": 1.0,
        "status": "畅通",
        "speed": 43.6,
        "road_count": 5,
        "is_transfer": false,
        "timestamp": "2026-06-05T16:23:35.222324"
      }
    },
    {
      "type": "Feature",
      "geometry": {
        "type": "Point",
        "coordinates": [
          116.460789,
          39.80691
        ]
      },
      "properties": {
        "station_id": "BV10000335",
        "station_name": "旧宫",
        "city": "北京",
        "congestion_index": 0.341,
        "crowd_level": "普通",
        "crowd_color": "yellow",
        "size_multiplier": 1.5,
        "status": "缓行",
        "speed": 39.6,
        "road_count": 6,
        "is_transfer": false,
        "timestamp": "2026-06-05T16:23:35.222335"
      }
    },
    {
      "type": "Feature",
      "geometry": {
        "type": "Point",
        "coordinates": [
          116.373126,
          39.948653
        ]
      },
      "properties": {
        "station_id": "BV10013430",
        "station_name": "积水潭",
        "city": "北京",
        "congestion_index": 1.0,
        "crowd_level": "爆满",
        "crowd_color": "red",
        "size_multiplier": 2.5,
        "status": "严重拥堵",
        "speed": 3.2,
        "road_count": 16,
        "is_transfer": true,
        "timestamp": "2026-06-05T16:23:35.222346"
      }
    },
    {
      "type": "Feature",
      "geometry": {
        "type": "Point",
        "coordinates": [
          116.393759,
          39.985837
        ]
      },
      "properties": {
        "station_id": "BV10013466",
        "station_name": "奥体中心",
        "city": "北京",
        "congestion_index": 0.395,
        "crowd_level": "普通",
        "crowd_color": "yellow",
        "size_multiplier": 1.5,
        "status": "缓行",
        "speed": 36.3,
        "road_count": 7,
        "is_transfer": false,
        "timestamp": "2026-06-05T16:23:35.222356"
      }
    },
    {
      "type": "Feature",
      "geometry": {
        "type": "Point",
        "coordinates": [
          116.398372,
          39.891334
        ]
      },
      "properties": {
        "station_id": "BV10013381",
        "station_name": "珠市口",
        "city": "北京",
        "congestion_index": 1.0,
        "crowd_level": "爆满",
        "crowd_color": "red",
        "size_multiplier": 2.5,
        "status": "严重拥堵",
        "speed": 3.5,
        "road_count": 11,
        "is_transfer": true,
        "timestamp": "2026-06-05T16:23:35.222367"
      }
    },
    {
      "type": "Feature",
      "geometry": {
        "type": "Point",
        "coordinates": [
          116.639316,
          39.926801
        ]
      },
      "properties": {
        "station_id": "BV10416645",
        "station_name": "物资学院路",
        "city": "北京",
        "congestion_index": 0.458,
        "crowd_level": "普通",
        "crowd_color": "yellow",
        "size_multiplier": 1.5,
        "status": "缓行",
        "speed": 32.5,
        "road_count": 8,
        "is_transfer": false,
        "timestamp": "2026-06-05T16:23:35.222378"
      }
    },
    {
      "type": "Feature",
      "geometry": {
        "type": "Point",
        "coordinates": [
          116.372883,
          39.933949
        ]
      },
      "properties": {
        "station_id": "BV10013413",
        "station_name": "平安里",
        "city": "北京",
        "congestion_index": 1.0,
        "crowd_level": "爆满",
        "crowd_color": "red",
        "size_multiplier": 2.5,
        "status": "严重拥堵",
        "speed": 0.0,
        "road_count": 17,
        "is_transfer": true,
        "timestamp": "2026-06-05T16:23:35.222389"
      }
    },
    {
      "type": "Feature",
      "geometry": {
        "type": "Point",
        "coordinates": [
          116.416884,
          39.940782
        ]
      },
      "properties": {
        "station_id": "BV10013443",
        "station_name": "北新桥",
        "city": "北京",
        "congestion_index": 0.253,
        "crowd_level": "舒适",
        "crowd_color": "green",
        "size_multiplier": 1.0,
        "status": "畅通",
        "speed": 44.8,
        "road_count": 5,
        "is_transfer": false,
        "timestamp": "2026-06-05T16:23:35.222399"
      }
    },
    {
      "type": "Feature",
      "geometry": {
        "type": "Point",
        "coordinates": [
          116.576754,
          39.910142
        ]
      },
      "properties": {
        "station_id": "BV10013519",
        "station_name": "双桥",
        "city": "北京",
        "congestion_index": 0.597,
        "crowd_level": "拥挤",
        "crowd_color": "orange",
        "size_multiplier": 2.0,
        "status": "缓行",
        "speed": 24.2,
        "road_count": 8,
        "is_transfer": false,
        "timestamp": "2026-06-05T16:23:35.222410"
      }
    },
    {
      "type": "Feature",
      "geometry": {
        "type": "Point",
        "coordinates": [
          116.502052,
          39.922919
        ]
      },
      "properties": {
        "station_id": "BV10000481",
        "station_name": "十里堡",
        "city": "北京",
        "congestion_index": 0.345,
        "crowd_level": "普通",
        "crowd_color": "yellow",
        "size_multiplier": 1.5,
        "status": "缓行",
        "speed": 39.3,
        "road_count": 5,
        "is_transfer": false,
        "timestamp": "2026-06-05T16:23:35.222421"
      }
    },
    {
      "type": "Feature",
      "geometry": {
        "type": "Point",
        "coordinates": [
          116.363475,
          39.890719
        ]
      },
      "properties": {
        "station_id": "BV10881789",
        "station_name": "牛街",
        "city": "北京",
        "congestion_index": 0.5,
        "crowd_level": "普通",
        "crowd_color": "yellow",
        "size_multiplier": 1.5,
        "status": "缓行",
        "speed": 30.0,
        "road_count": 7,
        "is_transfer": false,
        "timestamp": "2026-06-05T16:23:35.222431"
      }
    },
    {
      "type": "Feature",
      "geometry": {
        "type": "Point",
        "coordinates": [
          116.317564,
          39.975996
        ]
      },
      "properties": {
        "station_id": "BV10013411",
        "station_name": "海淀黄庄",
        "city": "北京",
        "congestion_index": 0.934,
        "crowd_level": "爆满",
        "crowd_color": "red",
        "size_multiplier": 2.5,
        "status": "拥堵",
        "speed": 13.3,
        "road_count": 16,
        "is_transfer": true,
        "timestamp": "2026-06-05T16:23:35.222442"
      }
    },
    {
      "type": "Feature",
      "geometry": {
        "type": "Point",
        "coordinates": [
          116.423087,
          39.865584
        ]
      },
      "properties": {
        "station_id": "BV10006603",
        "station_name": "蒲黄榆",
        "city": "北京",
        "congestion_index": 1.0,
        "crowd_level": "爆满",
        "crowd_color": "red",
        "size_multiplier": 2.5,
        "status": "严重拥堵",
        "speed": 0.0,
        "road_count": 12,
        "is_transfer": true,
        "timestamp": "2026-06-05T16:23:35.222453"
      }
    },
    {
      "type": "Feature",
      "geometry": {
        "type": "Point",
        "coordinates": [
          116.411186,
          39.916372
        ]
      },
      "properties": {
        "station_id": "BV11640695",
        "station_name": "金鱼胡同",
        "city": "北京",
        "congestion_index": 0.555,
        "crowd_level": "拥挤",
        "crowd_color": "orange",
        "size_multiplier": 2.0,
        "status": "缓行",
        "speed": 26.7,
        "road_count": 3,
        "is_transfer": false,
        "timestamp": "2026-06-05T16:23:35.222464"
      }
    },
    {
      "type": "Feature",
      "geometry": {
        "type": "Point",
        "coordinates": [
          116.29423,
          40.09479
        ]
      },
      "properties": {
        "station_id": "BV10000877",
        "station_name": "生命科学园",
        "city": "北京",
        "congestion_index": 0.404,
        "crowd_level": "普通",
        "crowd_color": "yellow",
        "size_multiplier": 1.5,
        "status": "缓行",
        "speed": 35.8,
        "road_count": 5,
        "is_transfer": false,
        "timestamp": "2026-06-05T16:23:35.222475"
      }
    },
    {
      "type": "Feature",
      "geometry": {
        "type": "Point",
        "coordinates": [
          116.466838,
          40.115628
        ]
      },
      "properties": {
        "station_id": "BV09159778",
        "station_name": "未来科学城",
        "city": "北京",
        "congestion_index": 0.601,
        "crowd_level": "拥挤",
        "crowd_color": "orange",
        "size_multiplier": 2.0,
        "status": "拥堵",
        "speed": 23.9,
        "road_count": 4,
        "is_transfer": false,
        "timestamp": "2026-06-05T16:23:35.222486"
      }
    },
    {
      "type": "Feature",
      "geometry": {
        "type": "Point",
        "coordinates": [
          116.686349,
          39.871926
        ]
      },
      "properties": {
        "station_id": "BV10004138",
        "station_name": "土桥",
        "city": "北京",
        "congestion_index": 0.162,
        "crowd_level": "舒适",
        "crowd_color": "green",
        "size_multiplier": 1.0,
        "status": "畅通",
        "speed": 50.3,
        "road_count": 5,
        "is_transfer": false,
        "timestamp": "2026-06-05T16:23:35.222495"
      }
    },
    {
      "type": "Feature",
      "geometry": {
        "type": "Point",
        "coordinates": [
          116.321459,
          39.907422
        ]
      },
      "properties": {
        "station_id": "BV10000188",
        "station_name": "军事博物馆",
        "city": "北京",
        "congestion_index": 1.0,
        "crowd_level": "爆满",
        "crowd_color": "red",
        "size_multiplier": 2.5,
        "status": "严重拥堵",
        "speed": 0.0,
        "road_count": 11,
        "is_transfer": true,
        "timestamp": "2026-06-05T16:23:35.222506"
      }
    },
    {
      "type": "Feature",
      "geometry": {
        "type": "Point",
        "coordinates": [
          116.641117,
          40.129802
        ]
      },
      "properties": {
        "station_id": "BV10013404",
        "station_name": "石门",
        "city": "北京",
        "congestion_index": 0.542,
        "crowd_level": "普通",
        "crowd_color": "yellow",
        "size_multiplier": 1.5,
        "status": "缓行",
        "speed": 27.5,
        "road_count": 6,
        "is_transfer": false,
        "timestamp": "2026-06-05T16:23:35.222517"
      }
    },
    {
      "type": "Feature",
      "geometry": {
        "type": "Point",
        "coordinates": [
          116.495456,
          39.908749
        ]
      },
      "properties": {
        "station_id": "BV10000275",
        "station_name": "四惠",
        "city": "北京",
        "congestion_index": 0.488,
        "crowd_level": "普通",
        "crowd_color": "yellow",
        "size_multiplier": 1.5,
        "status": "缓行",
        "speed": 30.7,
        "road_count": 4,
        "is_transfer": false,
        "timestamp": "2026-06-05T16:23:35.222527"
      }
    },
    {
      "type": "Feature",
      "geometry": {
        "type": "Point",
        "coordinates": [
          116.422119,
          39.857521
        ]
      },
      "properties": {
        "station_id": "BV10013438",
        "station_name": "刘家窑",
        "city": "北京",
        "congestion_index": 0.647,
        "crowd_level": "拥挤",
        "crowd_color": "orange",
        "size_multiplier": 2.0,
        "status": "拥堵",
        "speed": 21.2,
        "road_count": 9,
        "is_transfer": false,
        "timestamp": "2026-06-05T16:23:35.222538"
      }
    },
    {
      "type": "Feature",
      "geometry": {
        "type": "Point",
        "coordinates": [
          116.412888,
          40.083668
        ]
      },
      "properties": {
        "station_id": "BV10013447",
        "station_name": "天通苑北",
        "city": "北京",
        "congestion_index": 0.504,
        "crowd_level": "普通",
        "crowd_color": "yellow",
        "size_multiplier": 1.5,
        "status": "缓行",
        "speed": 29.8,
        "road_count": 4,
        "is_transfer": false,
        "timestamp": "2026-06-05T16:23:35.222547"
      }
    },
    {
      "type": "Feature",
      "geometry": {
        "type": "Point",
        "coordinates": [
          116.466999,
          40.02043
        ]
      },
      "properties": {
        "station_id": "BV10416588",
        "station_name": "来广营",
        "city": "北京",
        "congestion_index": 0.404,
        "crowd_level": "普通",
        "crowd_color": "yellow",
        "size_multiplier": 1.5,
        "status": "缓行",
        "speed": 35.8,
        "road_count": 4,
        "is_transfer": false,
        "timestamp": "2026-06-05T16:23:35.222558"
      }
    },
    {
      "type": "Feature",
      "geometry": {
        "type": "Point",
        "coordinates": [
          116.386829,
          39.933247
        ]
      },
      "properties": {
        "station_id": "BV10013508",
        "station_name": "北海北",
        "city": "北京",
        "congestion_index": 0.593,
        "crowd_level": "拥挤",
        "crowd_color": "orange",
        "size_multiplier": 2.0,
        "status": "缓行",
        "speed": 24.4,
        "road_count": 9,
        "is_transfer": false,
        "timestamp": "2026-06-05T16:23:35.222568"
      }
    },
    {
      "type": "Feature",
      "geometry": {
        "type": "Point",
        "coordinates": [
          116.178674,
          39.925853
        ]
      },
      "properties": {
        "station_id": "BV10013454",
        "station_name": "苹果园",
        "city": "北京",
        "congestion_index": 0.185,
        "crowd_level": "舒适",
        "crowd_color": "green",
        "size_multiplier": 1.0,
        "status": "畅通",
        "speed": 50.8,
        "road_count": 14,
        "is_transfer": true,
        "timestamp": "2026-06-05T16:23:35.222577"
      }
    },
    {
      "type": "Feature",
      "geometry": {
        "type": "Point",
        "coordinates": [
          116.478879,
          39.89321
        ]
      },
      "properties": {
        "station_id": "BV10006224",
        "station_name": "九龙山",
        "city": "北京",
        "congestion_index": 1.0,
        "crowd_level": "爆满",
        "crowd_color": "red",
        "size_multiplier": 2.5,
        "status": "严重拥堵",
        "speed": 0.0,
        "road_count": 17,
        "is_transfer": true,
        "timestamp": "2026-06-05T16:23:35.222587"
      }
    },
    {
      "type": "Feature",
      "geometry": {
        "type": "Point",
        "coordinates": [
          116.294293,
          39.866981
        ]
      },
      "properties": {
        "station_id": "BV10000636",
        "station_name": "七里庄",
        "city": "北京",
        "congestion_index": 1.0,
        "crowd_level": "爆满",
        "crowd_color": "red",
        "size_multiplier": 2.5,
        "status": "严重拥堵",
        "speed": 0.0,
        "road_count": 16,
        "is_transfer": true,
        "timestamp": "2026-06-05T16:23:35.222598"
      }
    },
    {
      "type": "Feature",
      "geometry": {
        "type": "Point",
        "coordinates": [
          116.462156,
          39.949381
        ]
      },
      "properties": {
        "station_id": "BV10000196",
        "station_name": "亮马桥",
        "city": "北京",
        "congestion_index": 0.526,
        "crowd_level": "普通",
        "crowd_color": "yellow",
        "size_multiplier": 1.5,
        "status": "缓行",
        "speed": 28.5,
        "road_count": 8,
        "is_transfer": false,
        "timestamp": "2026-06-05T16:23:35.222609"
      }
    },
    {
      "type": "Feature",
      "geometry": {
        "type": "Point",
        "coordinates": [
          116.354314,
          39.976372
        ]
      },
      "properties": {
        "station_id": "BV10013486",
        "station_name": "西土城",
        "city": "北京",
        "congestion_index": 0.358,
        "crowd_level": "普通",
        "crowd_color": "yellow",
        "size_multiplier": 1.5,
        "status": "缓行",
        "speed": 38.5,
        "road_count": 7,
        "is_transfer": false,
        "timestamp": "2026-06-05T16:23:35.222619"
      }
    },
    {
      "type": "Feature",
      "geometry": {
        "type": "Point",
        "coordinates": [
          116.33996,
          39.976476
        ]
      },
      "properties": {
        "station_id": "BV10001218",
        "station_name": "知春路",
        "city": "北京",
        "congestion_index": 1.0,
        "crowd_level": "爆满",
        "crowd_color": "red",
        "size_multiplier": 2.5,
        "status": "严重拥堵",
        "speed": 0.0,
        "road_count": 24,
        "is_transfer": true,
        "timestamp": "2026-06-05T16:23:35.222630"
      }
    },
    {
      "type": "Feature",
      "geometry": {
        "type": "Point",
        "coordinates": [
          116.304106,
          39.866676
        ]
      },
      "properties": {
        "station_id": "BV10000215",
        "station_name": "西局",
        "city": "北京",
        "congestion_index": 1.0,
        "crowd_level": "爆满",
        "crowd_color": "red",
        "size_multiplier": 2.5,
        "status": "严重拥堵",
        "speed": 2.7,
        "road_count": 14,
        "is_transfer": true,
        "timestamp": "2026-06-05T16:23:35.222640"
      }
    },
    {
      "type": "Feature",
      "geometry": {
        "type": "Point",
        "coordinates": [
          116.555127,
          40.07003
        ]
      },
      "properties": {
        "station_id": "BV10013403",
        "station_name": "国展",
        "city": "北京",
        "congestion_index": 0.568,
        "crowd_level": "拥挤",
        "crowd_color": "orange",
        "size_multiplier": 2.0,
        "status": "缓行",
        "speed": 25.9,
        "road_count": 7,
        "is_transfer": false,
        "timestamp": "2026-06-05T16:23:35.222650"
      }
    },
    {
      "type": "Feature",
      "geometry": {
        "type": "Point",
        "coordinates": [
          116.399154,
          39.845383
        ]
      },
      "properties": {
        "station_id": "BV10000737",
        "station_name": "大红门",
        "city": "北京",
        "congestion_index": 1.0,
        "crowd_level": "爆满",
        "crowd_color": "red",
        "size_multiplier": 2.5,
        "status": "严重拥堵",
        "speed": 0.0,
        "road_count": 17,
        "is_transfer": true,
        "timestamp": "2026-06-05T16:23:35.222662"
      }
    },
    {
      "type": "Feature",
      "geometry": {
        "type": "Point",
        "coordinates": [
          116.238481,
          40.071868
        ]
      },
      "properties": {
        "station_id": "BV10740319",
        "station_name": "永丰",
        "city": "北京",
        "congestion_index": 0.341,
        "crowd_level": "普通",
        "crowd_color": "yellow",
        "size_multiplier": 1.5,
        "status": "缓行",
        "speed": 39.6,
        "road_count": 7,
        "is_transfer": false,
        "timestamp": "2026-06-05T16:23:35.222672"
      }
    },
    {
      "type": "Feature",
      "geometry": {
        "type": "Point",
        "coordinates": [
          116.461422,
          39.884467
        ]
      },
      "properties": {
        "station_id": "BV10007162",
        "station_name": "劲松",
        "city": "北京",
        "congestion_index": 0.096,
        "crowd_level": "舒适",
        "crowd_color": "green",
        "size_multiplier": 1.0,
        "status": "畅通",
        "speed": 54.2,
        "road_count": 9,
        "is_transfer": false,
        "timestamp": "2026-06-05T16:23:35.222680"
      }
    },
    {
      "type": "Feature",
      "geometry": {
        "type": "Point",
        "coordinates": [
          116.552736,
          39.818596
        ]
      },
      "properties": {
        "station_id": "BV11031728",
        "station_name": "北神树",
        "city": "北京",
        "congestion_index": 0.425,
        "crowd_level": "普通",
        "crowd_color": "yellow",
        "size_multiplier": 1.5,
        "status": "缓行",
        "speed": 34.5,
        "road_count": 8,
        "is_transfer": false,
        "timestamp": "2026-06-05T16:23:35.222691"
      }
    },
    {
      "type": "Feature",
      "geometry": {
        "type": "Point",
        "coordinates": [
          116.374425,
          39.889296
        ]
      },
      "properties": {
        "station_id": "BV10013379",
        "station_name": "菜市口",
        "city": "北京",
        "congestion_index": 1.0,
        "crowd_level": "爆满",
        "crowd_color": "red",
        "size_multiplier": 2.5,
        "status": "严重拥堵",
        "speed": 2.2,
        "road_count": 16,
        "is_transfer": true,
        "timestamp": "2026-06-05T16:23:35.222702"
      }
    },
    {
      "type": "Feature",
      "geometry": {
        "type": "Point",
        "coordinates": [
          116.393776,
          39.948972
        ]
      },
      "properties": {
        "station_id": "BV10013431",
        "station_name": "鼓楼大街",
        "city": "北京",
        "congestion_index": 1.0,
        "crowd_level": "爆满",
        "crowd_color": "red",
        "size_multiplier": 2.5,
        "status": "严重拥堵",
        "speed": 1.2,
        "road_count": 12,
        "is_transfer": true,
        "timestamp": "2026-06-05T16:23:35.222713"
      }
    },
    {
      "type": "Feature",
      "geometry": {
        "type": "Point",
        "coordinates": [
          116.301889,
          39.814322
        ]
      },
      "properties": {
        "station_id": "BV10007779",
        "station_name": "郭公庄",
        "city": "北京",
        "congestion_index": 0.618,
        "crowd_level": "拥挤",
        "crowd_color": "orange",
        "size_multiplier": 2.0,
        "status": "拥堵",
        "speed": 22.9,
        "road_count": 7,
        "is_transfer": false,
        "timestamp": "2026-06-05T16:23:35.222724"
      }
    },
    {
      "type": "Feature",
      "geometry": {
        "type": "Point",
        "coordinates": [
          116.290908,
          39.998258
        ]
      },
      "properties": {
        "station_id": "BV10000920",
        "station_name": "西苑",
        "city": "北京",
        "congestion_index": 0.202,
        "crowd_level": "舒适",
        "crowd_color": "green",
        "size_multiplier": 1.0,
        "status": "畅通",
        "speed": 49.9,
        "road_count": 13,
        "is_transfer": true,
        "timestamp": "2026-06-05T16:23:35.222733"
      }
    },
    {
      "type": "Feature",
      "geometry": {
        "type": "Point",
        "coordinates": [
          116.478115,
          39.923556
        ]
      },
      "properties": {
        "station_id": "BV10008284",
        "station_name": "金台路",
        "city": "北京",
        "congestion_index": 1.0,
        "crowd_level": "爆满",
        "crowd_color": "red",
        "size_multiplier": 2.5,
        "status": "严重拥堵",
        "speed": 0.4,
        "road_count": 11,
        "is_transfer": true,
        "timestamp": "2026-06-05T16:23:35.222744"
      }
    },
    {
      "type": "Feature",
      "geometry": {
        "type": "Point",
        "coordinates": [
          116.615574,
          39.924477
        ]
      },
      "properties": {
        "station_id": "BV10006882",
        "station_name": "草房",
        "city": "北京",
        "congestion_index": 0.534,
        "crowd_level": "普通",
        "crowd_color": "yellow",
        "size_multiplier": 1.5,
        "status": "缓行",
        "speed": 28.0,
        "road_count": 4,
        "is_transfer": false,
        "timestamp": "2026-06-05T16:23:35.222754"
      }
    },
    {
      "type": "Feature",
      "geometry": {
        "type": "Point",
        "coordinates": [
          116.360286,
          40.071857
        ]
      },
      "properties": {
        "station_id": "BV10007658",
        "station_name": "霍营",
        "city": "北京",
        "congestion_index": 0.907,
        "crowd_level": "爆满",
        "crowd_color": "red",
        "size_multiplier": 2.5,
        "status": "拥堵",
        "speed": 14.6,
        "road_count": 14,
        "is_transfer": true,
        "timestamp": "2026-06-05T16:23:35.222763"
      }
    },
    {
      "type": "Feature",
      "geometry": {
        "type": "Point",
        "coordinates": [
          116.480307,
          39.803011
        ]
      },
      "properties": {
        "station_id": "BV10013453",
        "station_name": "亦庄桥",
        "city": "北京",
        "congestion_index": 0.652,
        "crowd_level": "拥挤",
        "crowd_color": "orange",
        "size_multiplier": 2.0,
        "status": "拥堵",
        "speed": 20.9,
        "road_count": 7,
        "is_transfer": false,
        "timestamp": "2026-06-05T16:23:35.222774"
      }
    },
    {
      "type": "Feature",
      "geometry": {
        "type": "Point",
        "coordinates": [
          116.66872,
          39.883677
        ]
      },
      "properties": {
        "station_id": "BV10002455",
        "station_name": "梨园",
        "city": "北京",
        "congestion_index": 0.568,
        "crowd_level": "拥挤",
        "crowd_color": "orange",
        "size_multiplier": 2.0,
        "status": "缓行",
        "speed": 25.9,
        "road_count": 4,
        "is_transfer": false,
        "timestamp": "2026-06-05T16:23:35.222785"
      }
    },
    {
      "type": "Feature",
      "geometry": {
        "type": "Point",
        "coordinates": [
          116.316467,
          39.983991
        ]
      },
      "properties": {
        "station_id": "BV10013410",
        "station_name": "中关村",
        "city": "北京",
        "congestion_index": 0.957,
        "crowd_level": "爆满",
        "crowd_color": "red",
        "size_multiplier": 2.5,
        "status": "严重拥堵",
        "speed": 2.6,
        "road_count": 23,
        "is_transfer": false,
        "timestamp": "2026-06-05T16:23:35.222794"
      }
    },
    {
      "type": "Feature",
      "geometry": {
        "type": "Point",
        "coordinates": [
          116.609535,
          40.128478
        ]
      },
      "properties": {
        "station_id": "BV10002190",
        "station_name": "南法信",
        "city": "北京",
        "congestion_index": 0.597,
        "crowd_level": "拥挤",
        "crowd_color": "orange",
        "size_multiplier": 2.0,
        "status": "缓行",
        "speed": 24.2,
        "road_count": 3,
        "is_transfer": false,
        "timestamp": "2026-06-05T16:23:35.222804"
      }
    },
    {
      "type": "Feature",
      "geometry": {
        "type": "Point",
        "coordinates": [
          116.306332,
          39.975642
        ]
      },
      "properties": {
        "station_id": "BV10013485",
        "station_name": "苏州街",
        "city": "北京",
        "congestion_index": 1.0,
        "crowd_level": "爆满",
        "crowd_color": "red",
        "size_multiplier": 2.5,
        "status": "严重拥堵",
        "speed": 0.0,
        "road_count": 13,
        "is_transfer": true,
        "timestamp": "2026-06-05T16:23:35.222815"
      }
    },
    {
      "type": "Feature",
      "geometry": {
        "type": "Point",
        "coordinates": [
          116.4503,
          39.910083
        ]
      },
      "properties": {
        "station_id": "BV10013460",
        "station_name": "永安里",
        "city": "北京",
        "congestion_index": 1.0,
        "crowd_level": "爆满",
        "crowd_color": "red",
        "size_multiplier": 2.5,
        "status": "严重拥堵",
        "speed": 7.2,
        "road_count": 12,
        "is_transfer": true,
        "timestamp": "2026-06-05T16:23:35.222826"
      }
    },
    {
      "type": "Feature",
      "geometry": {
        "type": "Point",
        "coordinates": [
          116.276636,
          39.932415
        ]
      },
      "properties": {
        "station_id": "BV10013510",
        "station_name": "海淀五路居",
        "city": "北京",
        "congestion_index": 0.589,
        "crowd_level": "拥挤",
        "crowd_color": "orange",
        "size_multiplier": 2.0,
        "status": "缓行",
        "speed": 24.7,
        "road_count": 7,
        "is_transfer": false,
        "timestamp": "2026-06-05T16:23:35.222837"
      }
    },
    {
      "type": "Feature",
      "geometry": {
        "type": "Point",
        "coordinates": [
          116.417537,
          39.977121
        ]
      },
      "properties": {
        "station_id": "BV10005412",
        "station_name": "惠新西街南口",
        "city": "北京",
        "congestion_index": 1.0,
        "crowd_level": "爆满",
        "crowd_color": "red",
        "size_multiplier": 2.5,
        "status": "严重拥堵",
        "speed": 0.0,
        "road_count": 11,
        "is_transfer": true,
        "timestamp": "2026-06-05T16:23:35.222848"
      }
    },
    {
      "type": "Feature",
      "geometry": {
        "type": "Point",
        "coordinates": [
          116.35275,
          40.000014
        ]
      },
      "properties": {
        "station_id": "BV10416642",
        "station_name": "六道口",
        "city": "北京",
        "congestion_index": 0.572,
        "crowd_level": "拥挤",
        "crowd_color": "orange",
        "size_multiplier": 2.0,
        "status": "缓行",
        "speed": 25.7,
        "road_count": 6,
        "is_transfer": false,
        "timestamp": "2026-06-05T16:23:35.222859"
      }
    },
    {
      "type": "Feature",
      "geometry": {
        "type": "Point",
        "coordinates": [
          116.440244,
          39.865864
        ]
      },
      "properties": {
        "station_id": "BV10012561",
        "station_name": "方庄",
        "city": "北京",
        "congestion_index": 0.437,
        "crowd_level": "普通",
        "crowd_color": "yellow",
        "size_multiplier": 1.5,
        "status": "缓行",
        "speed": 33.8,
        "road_count": 5,
        "is_transfer": false,
        "timestamp": "2026-06-05T16:23:35.222871"
      }
    },
    {
      "type": "Feature",
      "geometry": {
        "type": "Point",
        "coordinates": [
          116.176541,
          39.723159
        ]
      },
      "properties": {
        "station_id": "BV10003965",
        "station_name": "良乡大学城",
        "city": "北京",
        "congestion_index": 0.265,
        "crowd_level": "舒适",
        "crowd_color": "green",
        "size_multiplier": 1.0,
        "status": "畅通",
        "speed": 44.1,
        "road_count": 8,
        "is_transfer": false,
        "timestamp": "2026-06-05T16:23:35.222883"
      }
    },
    {
      "type": "Feature",
      "geometry": {
        "type": "Point",
        "coordinates": [
          116.417537,
          39.949333
        ]
      },
      "properties": {
        "station_id": "BV10006563",
        "station_name": "雍和宫",
        "city": "北京",
        "congestion_index": 1.0,
        "crowd_level": "爆满",
        "crowd_color": "red",
        "size_multiplier": 2.5,
        "status": "严重拥堵",
        "speed": 6.5,
        "road_count": 15,
        "is_transfer": true,
        "timestamp": "2026-06-05T16:23:35.222895"
      }
    },
    {
      "type": "Feature",
      "geometry": {
        "type": "Point",
        "coordinates": [
          116.363027,
          40.081194
        ]
      },
      "properties": {
        "station_id": "BV10004378",
        "station_name": "回龙观东大街",
        "city": "北京",
        "congestion_index": 0.869,
        "crowd_level": "爆满",
        "crowd_color": "red",
        "size_multiplier": 2.5,
        "status": "拥堵",
        "speed": 16.5,
        "road_count": 17,
        "is_transfer": true,
        "timestamp": "2026-06-05T16:23:35.222904"
      }
    },
    {
      "type": "Feature",
      "geometry": {
        "type": "Point",
        "coordinates": [
          116.447635,
          39.845874
        ]
      },
      "properties": {
        "station_id": "BV10013491",
        "station_name": "成寿寺",
        "city": "北京",
        "congestion_index": 0.517,
        "crowd_level": "普通",
        "crowd_color": "yellow",
        "size_multiplier": 1.5,
        "status": "缓行",
        "speed": 29.0,
        "road_count": 6,
        "is_transfer": false,
        "timestamp": "2026-06-05T16:23:35.222916"
      }
    },
    {
      "type": "Feature",
      "geometry": {
        "type": "Point",
        "coordinates": [
          116.435782,
          39.908561
        ]
      },
      "properties": {
        "station_id": "BV10013432",
        "station_name": "建国门",
        "city": "北京",
        "congestion_index": 1.0,
        "crowd_level": "爆满",
        "crowd_color": "red",
        "size_multiplier": 2.5,
        "status": "严重拥堵",
        "speed": 7.2,
        "road_count": 16,
        "is_transfer": true,
        "timestamp": "2026-06-05T16:23:35.222927"
      }
    },
    {
      "type": "Feature",
      "geometry": {
        "type": "Point",
        "coordinates": [
          116.417377,
          40.003841
        ]
      },
      "properties": {
        "station_id": "BV10013376",
        "station_name": "大屯路东",
        "city": "北京",
        "congestion_index": 1.0,
        "crowd_level": "爆满",
        "crowd_color": "red",
        "size_multiplier": 2.5,
        "status": "严重拥堵",
        "speed": 0.0,
        "road_count": 13,
        "is_transfer": true,
        "timestamp": "2026-06-05T16:23:35.222938"
      }
    },
    {
      "type": "Feature",
      "geometry": {
        "type": "Point",
        "coordinates": [
          116.637252,
          39.903864
        ]
      },
      "properties": {
        "station_id": "BV10004143",
        "station_name": "通州北苑",
        "city": "北京",
        "congestion_index": 0.405,
        "crowd_level": "普通",
        "crowd_color": "yellow",
        "size_multiplier": 1.5,
        "status": "缓行",
        "speed": 35.7,
        "road_count": 9,
        "is_transfer": false,
        "timestamp": "2026-06-05T16:23:35.222948"
      }
    },
    {
      "type": "Feature",
      "geometry": {
        "type": "Point",
        "coordinates": [
          116.321662,
          39.68651
        ]
      },
      "properties": {
        "station_id": "BV10013422",
        "station_name": "生物医药基地",
        "city": "北京",
        "congestion_index": 0.563,
        "crowd_level": "拥挤",
        "crowd_color": "orange",
        "size_multiplier": 2.0,
        "status": "缓行",
        "speed": 26.2,
        "road_count": 3,
        "is_transfer": false,
        "timestamp": "2026-06-05T16:23:35.222959"
      }
    },
    {
      "type": "Feature",
      "geometry": {
        "type": "Point",
        "coordinates": [
          116.257923,
          40.048703
        ]
      },
      "properties": {
        "station_id": "BV10740313",
        "station_name": "西北旺",
        "city": "北京",
        "congestion_index": 0.265,
        "crowd_level": "舒适",
        "crowd_color": "green",
        "size_multiplier": 1.0,
        "status": "畅通",
        "speed": 44.1,
        "road_count": 7,
        "is_transfer": false,
        "timestamp": "2026-06-05T16:23:35.222970"
      }
    },
    {
      "type": "Feature",
      "geometry": {
        "type": "Point",
        "coordinates": [
          116.287631,
          40.207532
        ]
      },
      "properties": {
        "station_id": "BV10001633",
        "station_name": "南邵",
        "city": "北京",
        "congestion_index": 0.238,
        "crowd_level": "舒适",
        "crowd_color": "green",
        "size_multiplier": 1.0,
        "status": "畅通",
        "speed": 45.7,
        "road_count": 8,
        "is_transfer": false,
        "timestamp": "2026-06-05T16:23:35.222978"
      }
    },
    {
      "type": "Feature",
      "geometry": {
        "type": "Point",
        "coordinates": [
          116.374355,
          39.899784
        ]
      },
      "properties": {
        "station_id": "BV10013415",
        "station_name": "宣武门",
        "city": "北京",
        "congestion_index": 1.0,
        "crowd_level": "爆满",
        "crowd_color": "red",
        "size_multiplier": 2.5,
        "status": "严重拥堵",
        "speed": 4.0,
        "road_count": 13,
        "is_transfer": true,
        "timestamp": "2026-06-05T16:23:35.222990"
      }
    },
    {
      "type": "Feature",
      "geometry": {
        "type": "Point",
        "coordinates": [
          116.32322,
          39.957904
        ]
      },
      "properties": {
        "station_id": "BV10000255",
        "station_name": "魏公村",
        "city": "北京",
        "congestion_index": 0.538,
        "crowd_level": "普通",
        "crowd_color": "yellow",
        "size_multiplier": 1.5,
        "status": "缓行",
        "speed": 27.7,
        "road_count": 4,
        "is_transfer": false,
        "timestamp": "2026-06-05T16:23:35.223001"
      }
    },
    {
      "type": "Feature",
      "geometry": {
        "type": "Point",
        "coordinates": [
          116.319429,
          40.070882
        ]
      },
      "properties": {
        "station_id": "BV10013515",
        "station_name": "龙泽",
        "city": "北京",
        "congestion_index": 1.0,
        "crowd_level": "爆满",
        "crowd_color": "red",
        "size_multiplier": 2.5,
        "status": "严重拥堵",
        "speed": 0.2,
        "road_count": 12,
        "is_transfer": true,
        "timestamp": "2026-06-05T16:23:35.223011"
      }
    },
    {
      "type": "Feature",
      "geometry": {
        "type": "Point",
        "coordinates": [
          116.280465,
          40.164666
        ]
      },
      "properties": {
        "station_id": "BV10013477",
        "station_name": "沙河高教园",
        "city": "北京",
        "congestion_index": 0.601,
        "crowd_level": "拥挤",
        "crowd_color": "orange",
        "size_multiplier": 2.0,
        "status": "拥堵",
        "speed": 23.9,
        "road_count": 4,
        "is_transfer": false,
        "timestamp": "2026-06-05T16:23:35.223022"
      }
    },
    {
      "type": "Feature",
      "geometry": {
        "type": "Point",
        "coordinates": [
          116.695495,
          39.856722
        ]
      },
      "properties": {
        "station_id": "BV11253781",
        "station_name": "花庄",
        "city": "北京",
        "congestion_index": 0.97,
        "crowd_level": "爆满",
        "crowd_color": "red",
        "size_multiplier": 2.5,
        "status": "拥堵",
        "speed": 11.5,
        "road_count": 15,
        "is_transfer": true,
        "timestamp": "2026-06-05T16:23:35.223033"
      }
    },
    {
      "type": "Feature",
      "geometry": {
        "type": "Point",
        "coordinates": [
          116.531421,
          39.909448
        ]
      },
      "properties": {
        "station_id": "BV10013517",
        "station_name": "高碑店",
        "city": "北京",
        "congestion_index": 0.601,
        "crowd_level": "拥挤",
        "crowd_color": "orange",
        "size_multiplier": 2.0,
        "status": "拥堵",
        "speed": 23.9,
        "road_count": 3,
        "is_transfer": false,
        "timestamp": "2026-06-05T16:23:35.223044"
      }
    },
    {
      "type": "Feature",
      "geometry": {
        "type": "Point",
        "coordinates": [
          116.688358,
          39.903024
        ]
      },
      "properties": {
        "station_id": "BV10416648",
        "station_name": "北运河西",
        "city": "北京",
        "congestion_index": 0.446,
        "crowd_level": "普通",
        "crowd_color": "yellow",
        "size_multiplier": 1.5,
        "status": "缓行",
        "speed": 33.3,
        "road_count": 4,
        "is_transfer": false,
        "timestamp": "2026-06-05T16:23:35.223054"
      }
    },
    {
      "type": "Feature",
      "geometry": {
        "type": "Point",
        "coordinates": [
          116.468858,
          40.130075
        ]
      },
      "properties": {
        "station_id": "BV10840911",
        "station_name": "未来科学城北",
        "city": "北京",
        "congestion_index": 0.593,
        "crowd_level": "拥挤",
        "crowd_color": "orange",
        "size_multiplier": 2.0,
        "status": "缓行",
        "speed": 24.4,
        "road_count": 9,
        "is_transfer": false,
        "timestamp": "2026-06-05T16:23:35.223065"
      }
    },
    {
      "type": "Feature",
      "geometry": {
        "type": "Point",
        "coordinates": [
          116.370837,
          39.836981
        ]
      },
      "properties": {
        "station_id": "BV10008170",
        "station_name": "公益西桥",
        "city": "北京",
        "congestion_index": 0.408,
        "crowd_level": "普通",
        "crowd_color": "yellow",
        "size_multiplier": 1.5,
        "status": "缓行",
        "speed": 35.5,
        "road_count": 8,
        "is_transfer": false,
        "timestamp": "2026-06-05T16:23:35.223076"
      }
    },
    {
      "type": "Feature",
      "geometry": {
        "type": "Point",
        "coordinates": [
          116.599002,
          39.90909
        ]
      },
      "properties": {
        "station_id": "BV10004294",
        "station_name": "管庄",
        "city": "北京",
        "congestion_index": 1.0,
        "crowd_level": "爆满",
        "crowd_color": "red",
        "size_multiplier": 2.5,
        "status": "严重拥堵",
        "speed": 0.0,
        "road_count": 12,
        "is_transfer": true,
        "timestamp": "2026-06-05T16:23:35.223087"
      }
    },
    {
      "type": "Feature",
      "geometry": {
        "type": "Point",
        "coordinates": [
          116.385649,
          39.845135
        ]
      },
      "properties": {
        "station_id": "BV10013493",
        "station_name": "角门东",
        "city": "北京",
        "congestion_index": 0.496,
        "crowd_level": "普通",
        "crowd_color": "yellow",
        "size_multiplier": 1.5,
        "status": "缓行",
        "speed": 30.2,
        "road_count": 9,
        "is_transfer": false,
        "timestamp": "2026-06-05T16:23:35.223098"
      }
    },
    {
      "type": "Feature",
      "geometry": {
        "type": "Point",
        "coordinates": [
          116.331605,
          39.763489
        ]
      },
      "properties": {
        "station_id": "BV10013420",
        "station_name": "高米店南",
        "city": "北京",
        "congestion_index": 0.45,
        "crowd_level": "普通",
        "crowd_color": "yellow",
        "size_multiplier": 1.5,
        "status": "缓行",
        "speed": 33.0,
        "road_count": 5,
        "is_transfer": false,
        "timestamp": "2026-06-05T16:23:35.223109"
      }
    },
    {
      "type": "Feature",
      "geometry": {
        "type": "Point",
        "coordinates": [
          116.187004,
          39.92785
        ]
      },
      "properties": {
        "station_id": "BV10827741",
        "station_name": "杨庄",
        "city": "北京",
        "congestion_index": 0.509,
        "crowd_level": "普通",
        "crowd_color": "yellow",
        "size_multiplier": 1.5,
        "status": "缓行",
        "speed": 29.5,
        "road_count": 7,
        "is_transfer": false,
        "timestamp": "2026-06-05T16:23:35.223120"
      }
    },
    {
      "type": "Feature",
      "geometry": {
        "type": "Point",
        "coordinates": [
          116.335761,
          39.889902
        ]
      },
      "properties": {
        "station_id": "BV10005975",
        "station_name": "达官营",
        "city": "北京",
        "congestion_index": 1.0,
        "crowd_level": "爆满",
        "crowd_color": "red",
        "size_multiplier": 2.5,
        "status": "严重拥堵",
        "speed": 6.5,
        "road_count": 15,
        "is_transfer": true,
        "timestamp": "2026-06-05T16:23:35.223131"
      }
    },
    {
      "type": "Feature",
      "geometry": {
        "type": "Point",
        "coordinates": [
          116.190337,
          39.90745
        ]
      },
      "properties": {
        "station_id": "BV10000295",
        "station_name": "古城",
        "city": "北京",
        "congestion_index": 0.572,
        "crowd_level": "拥挤",
        "crowd_color": "orange",
        "size_multiplier": 2.0,
        "status": "缓行",
        "speed": 25.7,
        "road_count": 5,
        "is_transfer": false,
        "timestamp": "2026-06-05T16:23:35.223141"
      }
    },
    {
      "type": "Feature",
      "geometry": {
        "type": "Point",
        "coordinates": [
          116.309879,
          39.999581
        ]
      },
      "properties": {
        "station_id": "BV10013408",
        "station_name": "圆明园",
        "city": "北京",
        "congestion_index": 0.299,
        "crowd_level": "舒适",
        "crowd_color": "green",
        "size_multiplier": 1.0,
        "status": "畅通",
        "speed": 42.1,
        "road_count": 9,
        "is_transfer": false,
        "timestamp": "2026-06-05T16:23:35.223152"
      }
    },
    {
      "type": "Feature",
      "geometry": {
        "type": "Point",
        "coordinates": [
          116.41994,
          39.893172
        ]
      },
      "properties": {
        "station_id": "BV10013383",
        "station_name": "磁器口",
        "city": "北京",
        "congestion_index": 1.0,
        "crowd_level": "爆满",
        "crowd_color": "red",
        "size_multiplier": 2.5,
        "status": "严重拥堵",
        "speed": 0.2,
        "road_count": 16,
        "is_transfer": true,
        "timestamp": "2026-06-05T16:23:35.223162"
      }
    },
    {
      "type": "Feature",
      "geometry": {
        "type": "Point",
        "coordinates": [
          116.657533,
          39.890278
        ]
      },
      "properties": {
        "station_id": "BV10001298",
        "station_name": "九棵树",
        "city": "北京",
        "congestion_index": 0.383,
        "crowd_level": "普通",
        "crowd_color": "yellow",
        "size_multiplier": 1.5,
        "status": "缓行",
        "speed": 37.0,
        "road_count": 7,
        "is_transfer": false,
        "timestamp": "2026-06-05T16:23:35.223173"
      }
    },
    {
      "type": "Feature",
      "geometry": {
        "type": "Point",
        "coordinates": [
          116.325141,
          39.943174
        ]
      },
      "properties": {
        "station_id": "BV10000252",
        "station_name": "国家图书馆",
        "city": "北京",
        "congestion_index": 1.0,
        "crowd_level": "爆满",
        "crowd_color": "red",
        "size_multiplier": 2.5,
        "status": "严重拥堵",
        "speed": 5.0,
        "road_count": 17,
        "is_transfer": true,
        "timestamp": "2026-06-05T16:23:35.223187"
      }
    },
    {
      "type": "Feature",
      "geometry": {
        "type": "Point",
        "coordinates": [
          116.554639,
          39.909215
        ]
      },
      "properties": {
        "station_id": "BV10013518",
        "station_name": "传媒大学",
        "city": "北京",
        "congestion_index": 0.391,
        "crowd_level": "普通",
        "crowd_color": "yellow",
        "size_multiplier": 1.5,
        "status": "缓行",
        "speed": 36.5,
        "road_count": 3,
        "is_transfer": false,
        "timestamp": "2026-06-05T16:23:35.223198"
      }
    },
    {
      "type": "Feature",
      "geometry": {
        "type": "Point",
        "coordinates": [
          116.345139,
          39.966612
        ]
      },
      "properties": {
        "station_id": "BV10001016",
        "station_name": "大钟寺",
        "city": "北京",
        "congestion_index": 1.0,
        "crowd_level": "爆满",
        "crowd_color": "red",
        "size_multiplier": 2.5,
        "status": "严重拥堵",
        "speed": 7.0,
        "road_count": 13,
        "is_transfer": true,
        "timestamp": "2026-06-05T16:23:35.223209"
      }
    },
    {
      "type": "Feature",
      "geometry": {
        "type": "Point",
        "coordinates": [
          116.356215,
          39.923677
        ]
      },
      "properties": {
        "station_id": "BV10001036",
        "station_name": "阜成门",
        "city": "北京",
        "congestion_index": 0.631,
        "crowd_level": "拥挤",
        "crowd_color": "orange",
        "size_multiplier": 2.0,
        "status": "拥堵",
        "speed": 22.2,
        "road_count": 8,
        "is_transfer": false,
        "timestamp": "2026-06-05T16:23:35.223220"
      }
    },
    {
      "type": "Feature",
      "geometry": {
        "type": "Point",
        "coordinates": [
          116.381356,
          39.976545
        ]
      },
      "properties": {
        "station_id": "BV10004058",
        "station_name": "健德门",
        "city": "北京",
        "congestion_index": 0.454,
        "crowd_level": "普通",
        "crowd_color": "yellow",
        "size_multiplier": 1.5,
        "status": "缓行",
        "speed": 32.7,
        "road_count": 4,
        "is_transfer": false,
        "timestamp": "2026-06-05T16:23:35.223230"
      }
    },
    {
      "type": "Feature",
      "geometry": {
        "type": "Point",
        "coordinates": [
          116.34716,
          40.060275
        ]
      },
      "properties": {
        "station_id": "BV10013469",
        "station_name": "育新",
        "city": "北京",
        "congestion_index": 0.311,
        "crowd_level": "普通",
        "crowd_color": "yellow",
        "size_multiplier": 1.5,
        "status": "缓行",
        "speed": 41.3,
        "road_count": 3,
        "is_transfer": false,
        "timestamp": "2026-06-05T16:23:35.223241"
      }
    },
    {
      "type": "Feature",
      "geometry": {
        "type": "Point",
        "coordinates": [
          116.515664,
          39.908495
        ]
      },
      "properties": {
        "station_id": "BV10007589",
        "station_name": "四惠东",
        "city": "北京",
        "congestion_index": 0.13,
        "crowd_level": "舒适",
        "crowd_color": "green",
        "size_multiplier": 1.0,
        "status": "畅通",
        "speed": 52.2,
        "road_count": 8,
        "is_transfer": false,
        "timestamp": "2026-06-05T16:23:35.223250"
      }
    },
    {
      "type": "Feature",
      "geometry": {
        "type": "Point",
        "coordinates": [
          116.130618,
          40.068023
        ]
      },
      "properties": {
        "station_id": "BV10740312",
        "station_name": "北安河",
        "city": "北京",
        "congestion_index": 0.471,
        "crowd_level": "普通",
        "crowd_color": "yellow",
        "size_multiplier": 1.5,
        "status": "缓行",
        "speed": 31.7,
        "road_count": 3,
        "is_transfer": false,
        "timestamp": "2026-06-05T16:23:35.223261"
      }
    },
    {
      "type": "Feature",
      "geometry": {
        "type": "Point",
        "coordinates": [
          116.490213,
          39.971026
        ]
      },
      "properties": {
        "station_id": "BV10416595",
        "station_name": "将台",
        "city": "北京",
        "congestion_index": 0.572,
        "crowd_level": "拥挤",
        "crowd_color": "orange",
        "size_multiplier": 2.0,
        "status": "缓行",
        "speed": 25.7,
        "road_count": 6,
        "is_transfer": false,
        "timestamp": "2026-06-05T16:23:35.223271"
      }
    },
    {
      "type": "Feature",
      "geometry": {
        "type": "Point",
        "coordinates": [
          116.562245,
          39.783587
        ]
      },
      "properties": {
        "station_id": "BV10013449",
        "station_name": "经海路",
        "city": "北京",
        "congestion_index": 0.345,
        "crowd_level": "普通",
        "crowd_color": "yellow",
        "size_multiplier": 1.5,
        "status": "缓行",
        "speed": 39.3,
        "road_count": 8,
        "is_transfer": false,
        "timestamp": "2026-06-05T16:23:35.223282"
      }
    },
    {
      "type": "Feature",
      "geometry": {
        "type": "Point",
        "coordinates": [
          116.434137,
          39.933704
        ]
      },
      "properties": {
        "station_id": "BV10001047",
        "station_name": "东四十条",
        "city": "北京",
        "congestion_index": 1.0,
        "crowd_level": "爆满",
        "crowd_color": "red",
        "size_multiplier": 2.5,
        "status": "严重拥堵",
        "speed": 6.0,
        "road_count": 13,
        "is_transfer": true,
        "timestamp": "2026-06-05T16:23:35.223293"
      }
    },
    {
      "type": "Feature",
      "geometry": {
        "type": "Point",
        "coordinates": [
          116.235907,
          39.907417
        ]
      },
      "properties": {
        "station_id": "BV10000302",
        "station_name": "八宝山",
        "city": "北京",
        "congestion_index": 0.509,
        "crowd_level": "普通",
        "crowd_color": "yellow",
        "size_multiplier": 1.5,
        "status": "缓行",
        "speed": 29.5,
        "road_count": 6,
        "is_transfer": false,
        "timestamp": "2026-06-05T16:23:35.223303"
      }
    },
    {
      "type": "Feature",
      "geometry": {
        "type": "Point",
        "coordinates": [
          116.41848,
          39.908325
        ]
      },
      "properties": {
        "station_id": "BV10013440",
        "station_name": "东单",
        "city": "北京",
        "congestion_index": 1.0,
        "crowd_level": "爆满",
        "crowd_color": "red",
        "size_multiplier": 2.5,
        "status": "严重拥堵",
        "speed": 0.0,
        "road_count": 21,
        "is_transfer": true,
        "timestamp": "2026-06-05T16:23:35.223314"
      }
    },
    {
      "type": "Feature",
      "geometry": {
        "type": "Point",
        "coordinates": [
          116.354357,
          39.932397
        ]
      },
      "properties": {
        "station_id": "BV10013437",
        "station_name": "车公庄",
        "city": "北京",
        "congestion_index": 1.0,
        "crowd_level": "爆满",
        "crowd_color": "red",
        "size_multiplier": 2.5,
        "status": "严重拥堵",
        "speed": 0.0,
        "road_count": 13,
        "is_transfer": true,
        "timestamp": "2026-06-05T16:23:35.223325"
      }
    },
    {
      "type": "Feature",
      "geometry": {
        "type": "Point",
        "coordinates": [
          116.371402,
          39.853428
        ]
      },
      "properties": {
        "station_id": "BV10009949",
        "station_name": "马家堡",
        "city": "北京",
        "congestion_index": 0.559,
        "crowd_level": "拥挤",
        "crowd_color": "orange",
        "size_multiplier": 2.0,
        "status": "缓行",
        "speed": 26.4,
        "road_count": 6,
        "is_transfer": false,
        "timestamp": "2026-06-05T16:23:35.223335"
      }
    },
    {
      "type": "Feature",
      "geometry": {
        "type": "Point",
        "coordinates": [
          116.601913,
          39.812607
        ]
      },
      "properties": {
        "station_id": "BV10013399",
        "station_name": "亦庄火车站",
        "city": "北京",
        "congestion_index": 0.172,
        "crowd_level": "舒适",
        "crowd_color": "green",
        "size_multiplier": 1.0,
        "status": "畅通",
        "speed": 49.7,
        "road_count": 9,
        "is_transfer": false,
        "timestamp": "2026-06-05T16:23:35.223344"
      }
    },
    {
      "type": "Feature",
      "geometry": {
        "type": "Point",
        "coordinates": [
          116.331582,
          39.867988
        ]
      },
      "properties": {
        "station_id": "BV10013372",
        "station_name": "丽泽商务区",
        "city": "北京",
        "congestion_index": 0.959,
        "crowd_level": "爆满",
        "crowd_color": "red",
        "size_multiplier": 2.5,
        "status": "拥堵",
        "speed": 12.0,
        "road_count": 17,
        "is_transfer": true,
        "timestamp": "2026-06-05T16:23:35.223355"
      }
    },
    {
      "type": "Feature",
      "geometry": {
        "type": "Point",
        "coordinates": [
          116.405954,
          39.977005
        ]
      },
      "properties": {
        "station_id": "BV10013487",
        "station_name": "安贞门",
        "city": "北京",
        "congestion_index": 0.408,
        "crowd_level": "普通",
        "crowd_color": "yellow",
        "size_multiplier": 1.5,
        "status": "缓行",
        "speed": 35.5,
        "road_count": 9,
        "is_transfer": false,
        "timestamp": "2026-06-05T16:23:35.223366"
      }
    },
    {
      "type": "Feature",
      "geometry": {
        "type": "Point",
        "coordinates": [
          116.27428,
          40.032713
        ]
      },
      "properties": {
        "station_id": "BV10740318",
        "station_name": "马连洼",
        "city": "北京",
        "congestion_index": 1.0,
        "crowd_level": "爆满",
        "crowd_color": "red",
        "size_multiplier": 2.5,
        "status": "严重拥堵",
        "speed": 4.7,
        "road_count": 10,
        "is_transfer": true,
        "timestamp": "2026-06-05T16:23:35.223376"
      }
    },
    {
      "type": "Feature",
      "geometry": {
        "type": "Point",
        "coordinates": [
          116.332204,
          39.753458
        ]
      },
      "properties": {
        "station_id": "BV10013421",
        "station_name": "枣园",
        "city": "北京",
        "congestion_index": 0.299,
        "crowd_level": "舒适",
        "crowd_color": "green",
        "size_multiplier": 1.0,
        "status": "畅通",
        "speed": 42.1,
        "road_count": 3,
        "is_transfer": false,
        "timestamp": "2026-06-05T16:23:35.223387"
      }
    },
    {
      "type": "Feature",
      "geometry": {
        "type": "Point",
        "coordinates": [
          116.477282,
          39.875294
        ]
      },
      "properties": {
        "station_id": "BV10590953",
        "station_name": "北工大西门",
        "city": "北京",
        "congestion_index": 0.526,
        "crowd_level": "普通",
        "crowd_color": "yellow",
        "size_multiplier": 1.5,
        "status": "缓行",
        "speed": 28.5,
        "road_count": 5,
        "is_transfer": false,
        "timestamp": "2026-06-05T16:23:35.223397"
      }
    },
    {
      "type": "Feature",
      "geometry": {
        "type": "Point",
        "coordinates": [
          116.547126,
          39.965732
        ]
      },
      "properties": {
        "station_id": "BV09269671",
        "station_name": "东坝",
        "city": "北京",
        "congestion_index": 0.584,
        "crowd_level": "拥挤",
        "crowd_color": "orange",
        "size_multiplier": 2.0,
        "status": "缓行",
        "speed": 24.9,
        "road_count": 3,
        "is_transfer": false,
        "timestamp": "2026-06-05T16:23:35.223408"
      }
    },
    {
      "type": "Feature",
      "geometry": {
        "type": "Point",
        "coordinates": [
          116.50348,
          40.033721
        ]
      },
      "properties": {
        "station_id": "BV10011274",
        "station_name": "马泉营",
        "city": "北京",
        "congestion_index": 0.542,
        "crowd_level": "普通",
        "crowd_color": "yellow",
        "size_multiplier": 1.5,
        "status": "缓行",
        "speed": 27.5,
        "road_count": 6,
        "is_transfer": false,
        "timestamp": "2026-06-05T16:23:35.223419"
      }
    },
    {
      "type": "Feature",
      "geometry": {
        "type": "Point",
        "coordinates": [
          116.297176,
          39.825233
        ]
      },
      "properties": {
        "station_id": "BV10013471",
        "station_name": "丰台科技园",
        "city": "北京",
        "congestion_index": 0.639,
        "crowd_level": "拥挤",
        "crowd_color": "orange",
        "size_multiplier": 2.0,
        "status": "拥堵",
        "speed": 21.7,
        "road_count": 7,
        "is_transfer": false,
        "timestamp": "2026-06-05T16:23:35.223429"
      }
    },
    {
      "type": "Feature",
      "geometry": {
        "type": "Point",
        "coordinates": [
          116.563961,
          39.924021
        ]
      },
      "properties": {
        "station_id": "BV10013506",
        "station_name": "褡裢坡",
        "city": "北京",
        "congestion_index": 0.559,
        "crowd_level": "拥挤",
        "crowd_color": "orange",
        "size_multiplier": 2.0,
        "status": "缓行",
        "speed": 26.4,
        "road_count": 6,
        "is_transfer": false,
        "timestamp": "2026-06-05T16:23:35.223440"
      }
    },
    {
      "type": "Feature",
      "geometry": {
        "type": "Point",
        "coordinates": [
          116.557593,
          40.084436
        ]
      },
      "properties": {
        "station_id": "BV10002223",
        "station_name": "花梨坎",
        "city": "北京",
        "congestion_index": 0.626,
        "crowd_level": "拥挤",
        "crowd_color": "orange",
        "size_multiplier": 2.0,
        "status": "拥堵",
        "speed": 22.4,
        "road_count": 7,
        "is_transfer": false,
        "timestamp": "2026-06-05T16:23:35.223452"
      }
    },
    {
      "type": "Feature",
      "geometry": {
        "type": "Point",
        "coordinates": [
          116.44234,
          40.068348
        ]
      },
      "properties": {
        "station_id": "BV10840912",
        "station_name": "天通苑东",
        "city": "北京",
        "congestion_index": 1.0,
        "crowd_level": "爆满",
        "crowd_color": "red",
        "size_multiplier": 2.5,
        "status": "严重拥堵",
        "speed": 7.0,
        "road_count": 17,
        "is_transfer": true,
        "timestamp": "2026-06-05T16:23:35.223464"
      }
    },
    {
      "type": "Feature",
      "geometry": {
        "type": "Point",
        "coordinates": [
          116.434518,
          40.042997
        ]
      },
      "properties": {
        "station_id": "BV10000150",
        "station_name": "北苑",
        "city": "北京",
        "congestion_index": 0.676,
        "crowd_level": "拥挤",
        "crowd_color": "orange",
        "size_multiplier": 2.0,
        "status": "缓行",
        "speed": 26.2,
        "road_count": 15,
        "is_transfer": true,
        "timestamp": "2026-06-05T16:23:35.223474"
      }
    },
    {
      "type": "Feature",
      "geometry": {
        "type": "Point",
        "coordinates": [
          116.295303,
          39.933353
        ]
      },
      "properties": {
        "station_id": "BV10013496",
        "station_name": "慈寿寺",
        "city": "北京",
        "congestion_index": 0.949,
        "crowd_level": "爆满",
        "crowd_color": "red",
        "size_multiplier": 2.5,
        "status": "拥堵",
        "speed": 12.5,
        "road_count": 11,
        "is_transfer": true,
        "timestamp": "2026-06-05T16:23:35.223485"
      }
    },
    {
      "type": "Feature",
      "geometry": {
        "type": "Point",
        "coordinates": [
          116.277347,
          40.002417
        ]
      },
      "properties": {
        "station_id": "BV10013407",
        "station_name": "北宫门",
        "city": "北京",
        "congestion_index": 0.282,
        "crowd_level": "舒适",
        "crowd_color": "green",
        "size_multiplier": 1.0,
        "status": "畅通",
        "speed": 43.1,
        "road_count": 4,
        "is_transfer": false,
        "timestamp": "2026-06-05T16:23:35.223495"
      }
    },
    {
      "type": "Feature",
      "geometry": {
        "type": "Point",
        "coordinates": [
          116.391278,
          39.907472
        ]
      },
      "properties": {
        "station_id": "BV10005941",
        "station_name": "天安门西",
        "city": "北京",
        "congestion_index": 0.547,
        "crowd_level": "普通",
        "crowd_color": "yellow",
        "size_multiplier": 1.5,
        "status": "缓行",
        "speed": 27.2,
        "road_count": 4,
        "is_transfer": false,
        "timestamp": "2026-06-05T16:23:35.223506"
      }
    },
    {
      "type": "Feature",
      "geometry": {
        "type": "Point",
        "coordinates": [
          116.474947,
          39.944132
        ]
      },
      "properties": {
        "station_id": "BV10416587",
        "station_name": "枣营",
        "city": "北京",
        "congestion_index": 0.559,
        "crowd_level": "拥挤",
        "crowd_color": "orange",
        "size_multiplier": 2.0,
        "status": "缓行",
        "speed": 26.4,
        "road_count": 9,
        "is_transfer": false,
        "timestamp": "2026-06-05T16:23:35.223517"
      }
    },
    {
      "type": "Feature",
      "geometry": {
        "type": "Point",
        "coordinates": [
          116.48188,
          39.98467
        ]
      },
      "properties": {
        "station_id": "BV10416591",
        "station_name": "望京南",
        "city": "北京",
        "congestion_index": 1.0,
        "crowd_level": "爆满",
        "crowd_color": "red",
        "size_multiplier": 2.5,
        "status": "严重拥堵",
        "speed": 0.0,
        "road_count": 20,
        "is_transfer": false,
        "timestamp": "2026-06-05T16:23:35.223526"
      }
    },
    {
      "type": "Feature",
      "geometry": {
        "type": "Point",
        "coordinates": [
          116.21884,
          39.794885
        ]
      },
      "properties": {
        "station_id": "BV10013424",
        "station_name": "稻田",
        "city": "北京",
        "congestion_index": 0.362,
        "crowd_level": "普通",
        "crowd_color": "yellow",
        "size_multiplier": 1.5,
        "status": "缓行",
        "speed": 38.3,
        "road_count": 8,
        "is_transfer": false,
        "timestamp": "2026-06-05T16:23:35.223536"
      }
    },
    {
      "type": "Feature",
      "geometry": {
        "type": "Point",
        "coordinates": [
          116.733841,
          39.903233
        ]
      },
      "properties": {
        "station_id": "BV10416641",
        "station_name": "东夏园",
        "city": "北京",
        "congestion_index": 0.526,
        "crowd_level": "普通",
        "crowd_color": "yellow",
        "size_multiplier": 1.5,
        "status": "缓行",
        "speed": 28.5,
        "road_count": 8,
        "is_transfer": false,
        "timestamp": "2026-06-05T16:23:35.223547"
      }
    },
    {
      "type": "Feature",
      "geometry": {
        "type": "Point",
        "coordinates": [
          116.252914,
          39.929503
        ]
      },
      "properties": {
        "station_id": "BV11103939",
        "station_name": "田村",
        "city": "北京",
        "congestion_index": 0.551,
        "crowd_level": "拥挤",
        "crowd_color": "orange",
        "size_multiplier": 2.0,
        "status": "缓行",
        "speed": 27.0,
        "road_count": 6,
        "is_transfer": false,
        "timestamp": "2026-06-05T16:23:35.223557"
      }
    },
    {
      "type": "Feature",
      "geometry": {
        "type": "Point",
        "coordinates": [
          116.365522,
          39.735583
        ]
      },
      "properties": {
        "station_id": "BV10877516",
        "station_name": "大兴新城",
        "city": "北京",
        "congestion_index": 0.622,
        "crowd_level": "拥挤",
        "crowd_color": "orange",
        "size_multiplier": 2.0,
        "status": "拥堵",
        "speed": 22.7,
        "road_count": 9,
        "is_transfer": false,
        "timestamp": "2026-06-05T16:23:35.223568"
      }
    },
    {
      "type": "Feature",
      "geometry": {
        "type": "Point",
        "coordinates": [
          116.294765,
          39.907474
        ]
      },
      "properties": {
        "station_id": "BV10013458",
        "station_name": "万寿路",
        "city": "北京",
        "congestion_index": 0.362,
        "crowd_level": "普通",
        "crowd_color": "yellow",
        "size_multiplier": 1.5,
        "status": "缓行",
        "speed": 38.3,
        "road_count": 9,
        "is_transfer": false,
        "timestamp": "2026-06-05T16:23:35.223578"
      }
    },
    {
      "type": "Feature",
      "geometry": {
        "type": "Point",
        "coordinates": [
          116.45926,
          39.82805
        ]
      },
      "properties": {
        "station_id": "BV10012008",
        "station_name": "小红门",
        "city": "北京",
        "congestion_index": 0.337,
        "crowd_level": "普通",
        "crowd_color": "yellow",
        "size_multiplier": 1.5,
        "status": "缓行",
        "speed": 39.8,
        "road_count": 9,
        "is_transfer": false,
        "timestamp": "2026-06-05T16:23:35.223589"
      }
    },
    {
      "type": "Feature",
      "geometry": {
        "type": "Point",
        "coordinates": [
          116.320193,
          40.033007
        ]
      },
      "properties": {
        "station_id": "BV10013516",
        "station_name": "上地",
        "city": "北京",
        "congestion_index": 0.526,
        "crowd_level": "普通",
        "crowd_color": "yellow",
        "size_multiplier": 1.5,
        "status": "缓行",
        "speed": 28.5,
        "road_count": 9,
        "is_transfer": false,
        "timestamp": "2026-06-05T16:23:35.223599"
      }
    },
    {
      "type": "Feature",
      "geometry": {
        "type": "Point",
        "coordinates": [
          116.293357,
          39.974414
        ]
      },
      "properties": {
        "station_id": "BV10013394",
        "station_name": "巴沟",
        "city": "北京",
        "congestion_index": 0.06,
        "crowd_level": "舒适",
        "crowd_color": "green",
        "size_multiplier": 1.0,
        "status": "畅通",
        "speed": 56.4,
        "road_count": 5,
        "is_transfer": false,
        "timestamp": "2026-06-05T16:23:35.223608"
      }
    },
    {
      "type": "Feature",
      "geometry": {
        "type": "Point",
        "coordinates": [
          116.505761,
          39.943773
        ]
      },
      "properties": {
        "station_id": "BV09319999",
        "station_name": "朝阳站",
        "city": "北京",
        "congestion_index": 0.425,
        "crowd_level": "普通",
        "crowd_color": "yellow",
        "size_multiplier": 1.5,
        "status": "缓行",
        "speed": 34.5,
        "road_count": 6,
        "is_transfer": false,
        "timestamp": "2026-06-05T16:23:35.223619"
      }
    },
    {
      "type": "Feature",
      "geometry": {
        "type": "Point",
        "coordinates": [
          116.399253,
          39.867686
        ]
      },
      "properties": {
        "station_id": "BV10013368",
        "station_name": "永定门外",
        "city": "北京",
        "congestion_index": 1.0,
        "crowd_level": "爆满",
        "crowd_color": "red",
        "size_multiplier": 2.5,
        "status": "严重拥堵",
        "speed": 0.0,
        "road_count": 14,
        "is_transfer": true,
        "timestamp": "2026-06-05T16:23:35.223630"
      }
    },
    {
      "type": "Feature",
      "geometry": {
        "type": "Point",
        "coordinates": [
          116.511821,
          39.860728
        ]
      },
      "properties": {
        "station_id": "BV10007127",
        "station_name": "垡头",
        "city": "北京",
        "congestion_index": 0.479,
        "crowd_level": "普通",
        "crowd_color": "yellow",
        "size_multiplier": 1.5,
        "status": "缓行",
        "speed": 31.2,
        "road_count": 6,
        "is_transfer": false,
        "timestamp": "2026-06-05T16:23:35.223640"
      }
    },
    {
      "type": "Feature",
      "geometry": {
        "type": "Point",
        "coordinates": [
          116.521737,
          39.782799
        ]
      },
      "properties": {
        "station_id": "BV10013450",
        "station_name": "荣昌东街",
        "city": "北京",
        "congestion_index": 0.572,
        "crowd_level": "拥挤",
        "crowd_color": "orange",
        "size_multiplier": 2.0,
        "status": "缓行",
        "speed": 25.7,
        "road_count": 5,
        "is_transfer": false,
        "timestamp": "2026-06-05T16:23:35.223651"
      }
    },
    {
      "type": "Feature",
      "geometry": {
        "type": "Point",
        "coordinates": [
          116.140804,
          39.723202
        ]
      },
      "properties": {
        "station_id": "BV10013427",
        "station_name": "良乡南关",
        "city": "北京",
        "congestion_index": 0.425,
        "crowd_level": "普通",
        "crowd_color": "yellow",
        "size_multiplier": 1.5,
        "status": "缓行",
        "speed": 34.5,
        "road_count": 6,
        "is_transfer": false,
        "timestamp": "2026-06-05T16:23:35.223662"
      }
    },
    {
      "type": "Feature",
      "geometry": {
        "type": "Point",
        "coordinates": [
          116.450448,
          39.934058
        ]
      },
      "properties": {
        "station_id": "BV10701089",
        "station_name": "工人体育场",
        "city": "北京",
        "congestion_index": 1.0,
        "crowd_level": "爆满",
        "crowd_color": "red",
        "size_multiplier": 2.5,
        "status": "严重拥堵",
        "speed": 0.0,
        "road_count": 10,
        "is_transfer": true,
        "timestamp": "2026-06-05T16:23:35.223673"
      }
    },
    {
      "type": "Feature",
      "geometry": {
        "type": "Point",
        "coordinates": [
          116.414103,
          39.845905
        ]
      },
      "properties": {
        "station_id": "BV10013492",
        "station_name": "石榴庄",
        "city": "北京",
        "congestion_index": 0.614,
        "crowd_level": "拥挤",
        "crowd_color": "orange",
        "size_multiplier": 2.0,
        "status": "拥堵",
        "speed": 23.2,
        "road_count": 9,
        "is_transfer": false,
        "timestamp": "2026-06-05T16:23:35.223684"
      }
    },
    {
      "type": "Feature",
      "geometry": {
        "type": "Point",
        "coordinates": [
          116.478195,
          40.02716
        ]
      },
      "properties": {
        "station_id": "BV10416596",
        "station_name": "善各庄",
        "city": "北京",
        "congestion_index": 0.463,
        "crowd_level": "普通",
        "crowd_color": "yellow",
        "size_multiplier": 1.5,
        "status": "缓行",
        "speed": 32.2,
        "road_count": 4,
        "is_transfer": false,
        "timestamp": "2026-06-05T16:23:35.223694"
      }
    },
    {
      "type": "Feature",
      "geometry": {
        "type": "Point",
        "coordinates": [
          116.321371,
          39.966934
        ]
      },
      "properties": {
        "station_id": "BV10000258",
        "station_name": "人民大学",
        "city": "北京",
        "congestion_index": 1.0,
        "crowd_level": "爆满",
        "crowd_color": "red",
        "size_multiplier": 2.5,
        "status": "严重拥堵",
        "speed": 0.0,
        "road_count": 15,
        "is_transfer": true,
        "timestamp": "2026-06-05T16:23:35.223705"
      }
    },
    {
      "type": "Feature",
      "geometry": {
        "type": "Point",
        "coordinates": [
          116.367588,
          39.940684
        ]
      },
      "properties": {
        "station_id": "BV10013412",
        "station_name": "新街口",
        "city": "北京",
        "congestion_index": 0.24,
        "crowd_level": "舒适",
        "crowd_color": "green",
        "size_multiplier": 1.0,
        "status": "畅通",
        "speed": 45.6,
        "road_count": 5,
        "is_transfer": false,
        "timestamp": "2026-06-05T16:23:35.223716"
      }
    },
    {
      "type": "Feature",
      "geometry": {
        "type": "Point",
        "coordinates": [
          116.332631,
          39.731769
        ]
      },
      "properties": {
        "station_id": "BV10002783",
        "station_name": "黄村西大街",
        "city": "北京",
        "congestion_index": 0.257,
        "crowd_level": "舒适",
        "crowd_color": "green",
        "size_multiplier": 1.0,
        "status": "畅通",
        "speed": 44.6,
        "road_count": 5,
        "is_transfer": false,
        "timestamp": "2026-06-05T16:23:35.223727"
      }
    },
    {
      "type": "Feature",
      "geometry": {
        "type": "Point",
        "coordinates": [
          116.374383,
          39.87847
        ]
      },
      "properties": {
        "station_id": "BV10013416",
        "station_name": "陶然亭",
        "city": "北京",
        "congestion_index": 0.593,
        "crowd_level": "拥挤",
        "crowd_color": "orange",
        "size_multiplier": 2.0,
        "status": "缓行",
        "speed": 24.4,
        "road_count": 6,
        "is_transfer": false,
        "timestamp": "2026-06-05T16:23:35.223738"
      }
    },
    {
      "type": "Feature",
      "geometry": {
        "type": "Point",
        "coordinates": [
          116.433877,
          39.893673
        ]
      },
      "properties": {
        "station_id": "BV10006633",
        "station_name": "广渠门内",
        "city": "北京",
        "congestion_index": 0.547,
        "crowd_level": "普通",
        "crowd_color": "yellow",
        "size_multiplier": 1.5,
        "status": "缓行",
        "speed": 27.2,
        "road_count": 7,
        "is_transfer": false,
        "timestamp": "2026-06-05T16:23:35.223748"
      }
    },
    {
      "type": "Feature",
      "geometry": {
        "type": "Point",
        "coordinates": [
          116.478291,
          39.933492
        ]
      },
      "properties": {
        "station_id": "BV10416593",
        "station_name": "朝阳公园",
        "city": "北京",
        "congestion_index": 1.0,
        "crowd_level": "爆满",
        "crowd_color": "red",
        "size_multiplier": 2.5,
        "status": "严重拥堵",
        "speed": 0.0,
        "road_count": 12,
        "is_transfer": true,
        "timestamp": "2026-06-05T16:23:35.223759"
      }
    },
    {
      "type": "Feature",
      "geometry": {
        "type": "Point",
        "coordinates": [
          116.195369,
          40.244629
        ]
      },
      "properties": {
        "station_id": "BV10550714",
        "station_name": "昌平西山口",
        "city": "北京",
        "congestion_index": 0.517,
        "crowd_level": "普通",
        "crowd_color": "yellow",
        "size_multiplier": 1.5,
        "status": "缓行",
        "speed": 29.0,
        "road_count": 8,
        "is_transfer": false,
        "timestamp": "2026-06-05T16:23:35.223771"
      }
    },
    {
      "type": "Feature",
      "geometry": {
        "type": "Point",
        "coordinates": [
          116.269956,
          40.012195
        ]
      },
      "properties": {
        "station_id": "BV10013406",
        "station_name": "安河桥北",
        "city": "北京",
        "congestion_index": 0.226,
        "crowd_level": "舒适",
        "crowd_color": "green",
        "size_multiplier": 1.0,
        "status": "畅通",
        "speed": 46.4,
        "road_count": 8,
        "is_transfer": false,
        "timestamp": "2026-06-05T16:23:35.223779"
      }
    },
    {
      "type": "Feature",
      "geometry": {
        "type": "Point",
        "coordinates": [
          116.417028,
          39.987836
        ]
      },
      "properties": {
        "station_id": "BV10006707",
        "station_name": "惠新西街北口",
        "city": "北京",
        "congestion_index": 0.563,
        "crowd_level": "拥挤",
        "crowd_color": "orange",
        "size_multiplier": 2.0,
        "status": "缓行",
        "speed": 26.2,
        "road_count": 9,
        "is_transfer": false,
        "timestamp": "2026-06-05T16:23:35.223791"
      }
    },
    {
      "type": "Feature",
      "geometry": {
        "type": "Point",
        "coordinates": [
          116.310522,
          39.932341
        ]
      },
      "properties": {
        "station_id": "BV10013509",
        "station_name": "花园桥",
        "city": "北京",
        "congestion_index": 0.345,
        "crowd_level": "普通",
        "crowd_color": "yellow",
        "size_multiplier": 1.5,
        "status": "缓行",
        "speed": 39.3,
        "road_count": 5,
        "is_transfer": false,
        "timestamp": "2026-06-05T16:23:35.223801"
      }
    },
    {
      "type": "Feature",
      "geometry": {
        "type": "Point",
        "coordinates": [
          116.189486,
          39.760636
        ]
      },
      "properties": {
        "station_id": "BV10001096",
        "station_name": "篱笆房",
        "city": "北京",
        "congestion_index": 0.479,
        "crowd_level": "普通",
        "crowd_color": "yellow",
        "size_multiplier": 1.5,
        "status": "缓行",
        "speed": 31.2,
        "road_count": 6,
        "is_transfer": false,
        "timestamp": "2026-06-05T16:23:35.223812"
      }
    },
    {
      "type": "Feature",
      "geometry": {
        "type": "Point",
        "coordinates": [
          116.332611,
          39.722966
        ]
      },
      "properties": {
        "station_id": "BV10000372",
        "station_name": "黄村火车站",
        "city": "北京",
        "congestion_index": 0.513,
        "crowd_level": "普通",
        "crowd_color": "yellow",
        "size_multiplier": 1.5,
        "status": "缓行",
        "speed": 29.2,
        "road_count": 7,
        "is_transfer": false,
        "timestamp": "2026-06-05T16:23:35.223823"
      }
    },
    {
      "type": "Feature",
      "geometry": {
        "type": "Point",
        "coordinates": [
          116.679099,
          39.849152
        ]
      },
      "properties": {
        "station_id": "BV10850689",
        "station_name": "环球度假区",
        "city": "北京",
        "congestion_index": 1.0,
        "crowd_level": "爆满",
        "crowd_color": "red",
        "size_multiplier": 2.5,
        "status": "严重拥堵",
        "speed": 0.0,
        "road_count": 12,
        "is_transfer": true,
        "timestamp": "2026-06-05T16:23:35.223834"
      }
    },
    {
      "type": "Feature",
      "geometry": {
        "type": "Point",
        "coordinates": [
          116.188145,
          40.068936
        ]
      },
      "properties": {
        "station_id": "BV10711029",
        "station_name": "稻香湖路",
        "city": "北京",
        "congestion_index": 0.366,
        "crowd_level": "普通",
        "crowd_color": "yellow",
        "size_multiplier": 1.5,
        "status": "缓行",
        "speed": 38.0,
        "road_count": 9,
        "is_transfer": false,
        "timestamp": "2026-06-05T16:23:35.223845"
      }
    },
    {
      "type": "Feature",
      "geometry": {
        "type": "Point",
        "coordinates": [
          116.35597,
          39.967747
        ]
      },
      "properties": {
        "station_id": "BV10847817",
        "station_name": "蓟门桥",
        "city": "北京",
        "congestion_index": 0.421,
        "crowd_level": "普通",
        "crowd_color": "yellow",
        "size_multiplier": 1.5,
        "status": "缓行",
        "speed": 34.8,
        "road_count": 4,
        "is_transfer": false,
        "timestamp": "2026-06-05T16:23:35.223856"
      }
    },
    {
      "type": "Feature",
      "geometry": {
        "type": "Point",
        "coordinates": [
          116.368281,
          40.001518
        ]
      },
      "properties": {
        "station_id": "BV10416650",
        "station_name": "北沙滩",
        "city": "北京",
        "congestion_index": 0.479,
        "crowd_level": "普通",
        "crowd_color": "yellow",
        "size_multiplier": 1.5,
        "status": "缓行",
        "speed": 31.2,
        "road_count": 6,
        "is_transfer": false,
        "timestamp": "2026-06-05T16:23:35.223867"
      }
    },
    {
      "type": "Feature",
      "geometry": {
        "type": "Point",
        "coordinates": [
          116.418089,
          40.030436
        ]
      },
      "properties": {
        "station_id": "BV10013444",
        "station_name": "北苑路北",
        "city": "北京",
        "congestion_index": 0.426,
        "crowd_level": "普通",
        "crowd_color": "yellow",
        "size_multiplier": 1.5,
        "status": "缓行",
        "speed": 34.4,
        "road_count": 6,
        "is_transfer": false,
        "timestamp": "2026-06-05T16:23:35.223876"
      }
    },
    {
      "type": "Feature",
      "geometry": {
        "type": "Point",
        "coordinates": [
          116.319079,
          39.712387
        ]
      },
      "properties": {
        "station_id": "BV10010394",
        "station_name": "义和庄",
        "city": "北京",
        "congestion_index": 0.295,
        "crowd_level": "舒适",
        "crowd_color": "green",
        "size_multiplier": 1.0,
        "status": "畅通",
        "speed": 42.3,
        "road_count": 9,
        "is_transfer": false,
        "timestamp": "2026-06-05T16:23:35.223886"
      }
    },
    {
      "type": "Feature",
      "geometry": {
        "type": "Point",
        "coordinates": [
          116.578266,
          39.924201
        ]
      },
      "properties": {
        "station_id": "BV10013505",
        "station_name": "黄渠",
        "city": "北京",
        "congestion_index": 0.652,
        "crowd_level": "拥挤",
        "crowd_color": "orange",
        "size_multiplier": 2.0,
        "status": "拥堵",
        "speed": 20.9,
        "road_count": 3,
        "is_transfer": false,
        "timestamp": "2026-06-05T16:23:35.223897"
      }
    },
    {
      "type": "Feature",
      "geometry": {
        "type": "Point",
        "coordinates": [
          116.262059,
          40.221729
        ]
      },
      "properties": {
        "station_id": "BV10550716",
        "station_name": "昌平东关",
        "city": "北京",
        "congestion_index": 0.358,
        "crowd_level": "普通",
        "crowd_color": "yellow",
        "size_multiplier": 1.5,
        "status": "缓行",
        "speed": 38.5,
        "road_count": 3,
        "is_transfer": false,
        "timestamp": "2026-06-05T16:23:35.223908"
      }
    },
    {
      "type": "Feature",
      "geometry": {
        "type": "Point",
        "coordinates": [
          116.356866,
          39.907242
        ]
      },
      "properties": {
        "station_id": "BV10007375",
        "station_name": "复兴门",
        "city": "北京",
        "congestion_index": 1.0,
        "crowd_level": "爆满",
        "crowd_color": "red",
        "size_multiplier": 2.5,
        "status": "严重拥堵",
        "speed": 0.0,
        "road_count": 22,
        "is_transfer": true,
        "timestamp": "2026-06-05T16:23:35.223917"
      }
    },
    {
      "type": "Feature",
      "geometry": {
        "type": "Point",
        "coordinates": [
          116.337583,
          39.907379
        ]
      },
      "properties": {
        "station_id": "BV10013459",
        "station_name": "木樨地",
        "city": "北京",
        "congestion_index": 1.0,
        "crowd_level": "爆满",
        "crowd_color": "red",
        "size_multiplier": 2.5,
        "status": "严重拥堵",
        "speed": 2.2,
        "road_count": 12,
        "is_transfer": true,
        "timestamp": "2026-06-05T16:23:35.223927"
      }
    },
    {
      "type": "Feature",
      "geometry": {
        "type": "Point",
        "coordinates": [
          116.41797,
          39.968258
        ]
      },
      "properties": {
        "station_id": "BV10001221",
        "station_name": "和平西桥",
        "city": "北京",
        "congestion_index": 1.0,
        "crowd_level": "爆满",
        "crowd_color": "red",
        "size_multiplier": 2.5,
        "status": "严重拥堵",
        "speed": 0.0,
        "road_count": 15,
        "is_transfer": true,
        "timestamp": "2026-06-05T16:23:35.223938"
      }
    },
    {
      "type": "Feature",
      "geometry": {
        "type": "Point",
        "coordinates": [
          116.350415,
          40.090124
        ]
      },
      "properties": {
        "station_id": "BV10000887",
        "station_name": "平西府",
        "city": "北京",
        "congestion_index": 0.248,
        "crowd_level": "舒适",
        "crowd_color": "green",
        "size_multiplier": 1.0,
        "status": "畅通",
        "speed": 45.1,
        "road_count": 6,
        "is_transfer": false,
        "timestamp": "2026-06-05T16:23:35.223949"
      }
    },
    {
      "type": "Feature",
      "geometry": {
        "type": "Point",
        "coordinates": [
          116.408227,
          39.949087
        ]
      },
      "properties": {
        "station_id": "BV10001936",
        "station_name": "安定门",
        "city": "北京",
        "congestion_index": 0.341,
        "crowd_level": "普通",
        "crowd_color": "yellow",
        "size_multiplier": 1.5,
        "status": "缓行",
        "speed": 39.6,
        "road_count": 7,
        "is_transfer": false,
        "timestamp": "2026-06-05T16:23:35.223959"
      }
    },
    {
      "type": "Feature",
      "geometry": {
        "type": "Point",
        "coordinates": [
          116.346349,
          39.823561
        ]
      },
      "properties": {
        "station_id": "BV10881788",
        "station_name": "新发地",
        "city": "北京",
        "congestion_index": 0.463,
        "crowd_level": "普通",
        "crowd_color": "yellow",
        "size_multiplier": 1.5,
        "status": "缓行",
        "speed": 32.2,
        "road_count": 4,
        "is_transfer": false,
        "timestamp": "2026-06-05T16:23:35.223970"
      }
    },
    {
      "type": "Feature",
      "geometry": {
        "type": "Point",
        "coordinates": [
          116.297901,
          39.923359
        ]
      },
      "properties": {
        "station_id": "BV10002778",
        "station_name": "西钓鱼台",
        "city": "北京",
        "congestion_index": 0.639,
        "crowd_level": "拥挤",
        "crowd_color": "orange",
        "size_multiplier": 2.0,
        "status": "拥堵",
        "speed": 21.7,
        "road_count": 4,
        "is_transfer": false,
        "timestamp": "2026-06-05T16:23:35.223980"
      }
    },
    {
      "type": "Feature",
      "geometry": {
        "type": "Point",
        "coordinates": [
          116.373332,
          39.924206
        ]
      },
      "properties": {
        "station_id": "BV10013414",
        "station_name": "西四",
        "city": "北京",
        "congestion_index": 0.626,
        "crowd_level": "拥挤",
        "crowd_color": "orange",
        "size_multiplier": 2.0,
        "status": "拥堵",
        "speed": 22.4,
        "road_count": 5,
        "is_transfer": false,
        "timestamp": "2026-06-05T16:23:35.223991"
      }
    },
    {
      "type": "Feature",
      "geometry": {
        "type": "Point",
        "coordinates": [
          116.399839,
          39.859262
        ]
      },
      "properties": {
        "station_id": "BV11640699",
        "station_name": "木樨园",
        "city": "北京",
        "congestion_index": 0.463,
        "crowd_level": "普通",
        "crowd_color": "yellow",
        "size_multiplier": 1.5,
        "status": "缓行",
        "speed": 32.2,
        "road_count": 8,
        "is_transfer": false,
        "timestamp": "2026-06-05T16:23:35.224001"
      }
    }
  ]
}